Wind_direction,Pressure,Humidity,Temperature
301.9,885.2,91.3,-3
301.2,887.8,91.1,-3
300.8,893.7,91.2,-2.8
297.6,904,90.7,-2.7
304.5,903.2,91.5,-2.6
302.2,906.1,90.5,-2.4
298.4,908.7,89.4,-2.1
299.9,935.3,87,-1.7
290.4,934.8,83.9,-1.1
300.6,918.7,81.5,-0.9
297.9,915.8,80.1,-0.7
289.7,921.3,78.8,-0.4
288.8,918.2,75.3,-0.2
295.4,919.4,75.1,0
297,919.2,74.3,0.4
298.2,918.4,72.4,0.6
304.6,918.4,67.9,1
298,918.4,65.5,1.2
290.4,917.1,64.9,1.9
291.6,917.2,59.7,1.6
296.6,917.4,59.6,2.2
294.8,916.5,57.2,2.1
300.8,917.6,56.3,2.4
298.5,916.9,54.6,2.6
298.8,916.9,53.8,2.4
300.7,916.3,55.3,2.2
291.6,916.5,50.9,2.9
290.4,916.9,50.2,2.9
293.2,917.7,50,2.9
296.7,916.7,46.3,2.7
289,916.7,45.9,2.6
294.1,916.6,46.9,2.5
296.8,916.9,49.6,2.2
290.1,917.3,49.7,2.3
289.7,917.9,50.8,2.1
291,917.2,51.9,2
289.2,908.3,51.9,2
298.4,899.5,51.4,1.8
297.2,894.3,52.6,1.7
294.4,891.9,54,1.5
294.6,891,53.9,1.5
297.7,890.5,53.6,1.5
291.5,890.2,53.8,1.5
294.2,889.8,54.9,1.5
295.1,889.6,56.7,1.5
290,889.4,58.1,1.3
290.8,889.1,60.4,1.2
285.5,889,62.4,1.1
288.2,888.7,63.8,1
289.3,888.6,65.3,0.9
296.5,888.4,65.6,0.9
294.8,888.2,66.5,0.8
296.9,888,67.8,0.5
296.4,887.9,69.6,0.2
298.4,887.7,67.8,0.3
301.7,887.5,67.4,0.3
295.2,887.5,68.6,0
295.7,887.3,68.4,0
300.1,887.2,69.3,-0.2
301.9,887,70.3,-0.3
299.7,886.9,70.9,-0.4
301.2,886.7,71.1,-0.4
303.5,886.6,71.2,-0.4
308.2,886.5,72.7,-0.7
295.7,886.4,73.2,-0.8
300.1,886.3,73.8,-1
300.4,886.1,72.3,-0.8
301.3,886,71.4,-0.8
302,885.9,71.2,-0.9
305,885.8,71.6,-1.1
300.7,885.5,70.7,-1
298.1,885.5,69.1,-0.8
304.3,885.3,69.6,-1
301,885.1,67.9,-0.8
298.8,884.9,67.7,-0.8
297.7,884.8,70,-1.3
297.2,884.7,70.4,-1.4
290.6,884.5,69.2,-1
290.1,884.4,68.5,-0.9
291.6,884.4,68.8,-1
293.8,884.3,66.6,-0.7
288.7,884.1,65,-0.6
291.9,884.1,65.5,-0.8
297.9,884,66.5,-1
298.5,883.9,67.5,-1.2
297.1,883.8,67.6,-1.2
292,883.8,67.6,-1.3
296.5,883.8,69,-1.5
299.1,883.7,71.2,-2
299.5,883.6,68.6,-1.7
300.1,883.6,67.2,-1.6
291.9,883.6,64.5,-1.3
297.7,883.5,67.1,-1.9
297.8,883.5,67.3,-2
297.4,883.5,68.1,-2.1
299.9,884.1,67.5,-2
298.3,886.7,69.8,-2.3
297.5,895.7,72,-2.6
297.4,919.5,70.5,-2.1
299.3,935,69.2,-1.8
297.7,935.1,63.2,-1.1
297.2,920,59,-0.6
300.4,921.1,57.1,-0.3
298.4,920.1,56.6,-0.2
297.9,919.2,56.3,-0.2
293.7,918.9,55.7,-0.1
295.5,918.3,54,0.4
289.9,919.4,51.6,0.7
296.9,917.8,51.9,0.9
300.5,918.8,53,1.2
291.4,918.5,53.7,1.5
287.5,918.7,50.6,1.4
294.4,917.6,49.8,1.8
296.4,919.7,49.9,2.3
284.9,918.2,48.6,2.5
279.1,917.4,44.4,2.7
294,916.3,43.2,3
301.5,916.2,44.3,3.3
295.2,916.9,43.1,3.6
286.9,916.4,41.1,3.4
293.1,917.8,40.3,3.8
292.1,916.6,40.8,4
284.2,919.1,39.3,3.9
287.7,915.4,40,4.4
290.9,916.1,40.5,4.3
295.3,916.5,41.5,4.2
299.8,916,41.7,4
292.1,915.4,41.4,4
292.7,916,40.6,3.9
295.4,916.1,40.1,3.7
298.2,916.5,39.8,3.4
295.2,917,40.6,3.3
297.2,917,41.4,3
295.8,915.5,43,2.6
296.2,901.4,44.6,2.2
297.8,895.3,45.4,1.9
300.5,892.1,44.9,2
294.6,891,44.4,2
297.9,890.5,44.8,1.7
296.2,890.2,43.1,1.8
295.4,889.8,43.2,1.6
295.1,889.6,41.6,2
300.2,889.4,40.9,2
296.3,889.1,41.3,1.8
299.4,888.9,42.3,1.4
302.2,888.7,40.5,1.6
299.6,888.6,38.9,1.9
294.4,888.4,38.7,2
295.1,888.2,39.4,1.7
285.3,888,41.8,0.9
271.9,887.9,42.8,0.8
267.2,887.7,43.2,0.8
271.4,887.5,43.6,0.8
273.1,887.5,43.9,0.7
279.1,887.3,45.5,0.2
285.1,887.2,46,0.1
286,887,45.3,0.3
291.1,886.9,42,1.4
299.3,886.8,42.8,0.9
299.6,886.7,43.5,1
281.8,886.5,46.1,0.2
277,886.4,46.8,0.3
273.2,886.3,47.5,0.3
268.2,886.2,47.9,0.2
267.3,886,47.9,0.4
279.4,885.9,47.3,0.7
266.9,885.9,47.8,0.4
273.4,885.7,47.2,0.7
274.9,885.5,47,0.8
273.5,885.4,47.5,0.7
279.7,885.3,46.4,1
280.1,885.2,47.3,0.7
286.8,885.1,46.4,0.8
290.1,884.9,46.5,0.6
296.9,884.8,45.6,0.6
302.9,884.7,44.6,0.8
302.6,884.5,44.5,0.9
303.8,884.3,44.9,0.7
306.6,884.2,45.3,0.6
303.5,884.2,46.2,0.3
305.1,884,45.8,0.4
307,884,46.2,0.3
303.1,883.8,46.1,0.2
307.5,883.7,45.7,0.5
304.2,883.7,46.6,0.3
288.9,883.6,47.5,-0.1
293.3,883.6,46.8,0.1
295.7,883.5,48.1,-0.1
297.8,883.5,47.8,-0.1
299.3,883.3,46.2,0.3
307.2,883.5,49.1,-0.4
311.5,885,49.1,-0.6
307.2,888.9,49.2,-0.7
304.9,899.3,47.2,-0.2
293.7,912.7,44.9,0.4
299.1,931.5,44.9,0.5
295.3,931.9,44.7,0.6
298.4,920.6,44.6,0.8
297.7,920.1,44.1,1.1
306.9,919.4,43.6,1.4
307.2,919.2,43.7,1.8
316.9,917.7,43.7,2.2
316.2,917.3,44.3,2.2
306.9,917,44.7,2.4
299.9,916.8,45,2.5
307,917.3,43.9,3.1
306.1,916.2,41.8,3.5
308.1,915.7,40.1,3.9
299,915.3,38.6,4.6
291.8,917.7,37.3,4.9
286.9,914,35.7,5.3
297.7,914.5,34.1,5.6
294.7,915.6,31.8,6.2
291.8,914.9,30.8,6.2
275,915.1,26.7,6.8
281.7,916.2,26,6.7
281.2,914.9,25.8,6.7
284,914.3,25.6,6.6
298,914.5,24.3,7.1
286,914.7,24.4,7
288.4,913,24.5,7.2
263,913.8,26.6,7.2
261.2,914.4,25.5,7.3
284.2,913.5,24.5,7
272.4,914.2,27.2,6.9
278.5,914.1,27.8,6.7
277.6,915.3,27.6,6.8
298.9,914.1,26.8,6.4
289.9,914.1,26,6.3
293.4,914.4,27.2,5.9
291.7,903.2,26.1,5.6
296.8,896.7,26.4,5.4
290.6,892.7,26.6,5
64,891.3,28.2,4.8
76.9,890.7,43.4,3
90.8,890.3,46.3,2.9
94.1,889.9,43.2,2.8
90.8,889.7,42.5,2.7
93.6,889.4,43.7,2.5
91.1,889.1,46,1.9
89.7,888.9,49.9,1.5
91.2,888.7,56.5,0.8
92.4,888.5,59,0.4
89.8,888.3,61.2,0.2
85.8,888,62.4,-0.1
88.4,887.9,63.1,-0.3
92.9,887.7,62.8,-0.4
95.7,887.5,63.2,-0.6
93.7,887.4,64.1,-0.7
93.8,887.3,65.1,-1
91.1,887.2,66.2,-1.2
94,887,67.2,-1.3
93.7,886.9,68,-1.3
92.1,886.7,69.2,-1.4
92.5,886.6,70.2,-1.5
91.1,886.5,71.9,-1.7
89,886.3,74.1,-2
89,886.2,76.5,-2.2
90.3,886,77.7,-2.3
86.8,885.9,78.9,-2.4
88.5,885.7,79.7,-2.5
89.4,885.5,81.3,-2.6
94.6,885.4,83,-2.9
92.9,885.2,83.9,-3.1
91.9,885.1,84.3,-3.2
91.6,884.9,84.7,-3.3
90.9,884.8,84.4,-3.3
92.2,884.6,84.3,-3.5
92,884.4,85,-3.7
93,884.3,85,-3.8
93.4,884.1,85.4,-3.9
93.8,883.9,85.2,-4
92,883.8,85,-4.2
94.8,883.6,84.7,-4.3
93.9,883.4,85.3,-4.4
92.1,883.3,84.4,-4.4
91.2,883.2,84.5,-4.5
91.2,883,84.4,-4.6
90.5,883,84.6,-4.7
89.4,882.9,84.7,-4.8
92.8,882.7,84.5,-4.8
94.3,882.7,85.1,-5
100.8,882.6,85,-5
89.1,882.6,85.8,-5.1
86.6,882.5,86.3,-5.2
84.7,882.3,86.9,-5.3
89.7,882.5,86.5,-5.2
93.3,883.7,86.2,-5.2
87.8,887.4,86.2,-5.1
79.9,894.5,84.7,-4.8
77.4,911.1,83.2,-4.6
80.5,929.4,82.6,-4.5
78.8,936.2,81.6,-4.2
82.6,931.6,79.9,-4
84.5,922.8,78,-3.7
88.4,922.2,77.1,-3.3
98.5,922.7,74.4,-2.7
93,920.1,71,-2.4
99.7,921.9,68.3,-2
95.1,919.4,67.3,-1.7
104.9,919.3,67,-1.4
104.7,919.9,68.2,-1.8
102.8,919.9,69.7,-2.1
90.1,919.7,68.2,-1.6
101.9,919.9,67.9,-1.6
108.7,919.6,66,-0.9
100.2,918.6,65.7,-0.8
94.5,918.7,64.9,-0.7
100.4,919.1,64,-0.3
101.8,918.5,63.9,-0.3
102.7,918.5,62.4,0.1
107.5,918.7,62.1,0.1
111.4,919.7,60.7,0.6
109.4,918.2,63.1,-0.2
103.6,918,61.8,-0.1
95,918.5,60,0.3
89,918.2,58.8,0
86.6,918.1,58.3,-0.1
97.1,917.7,57.3,-0.2
94.3,918.6,57.2,-0.2
100.3,918.2,58.3,-0.3
96.1,918.2,58.1,-0.5
94.7,918.3,58.9,-0.6
94.3,918.2,60.1,-0.9
94.3,908.8,61,-1
96.6,905,61.1,-1.1
96.4,898.9,62,-1.4
89.8,893.5,63.5,-1.7
89.1,891.1,64.8,-2.1
89.8,890.3,65.8,-2.4
92.9,889.9,66.6,-2.6
93.8,889.5,68,-2.8
93.3,889.1,68.6,-3
93.2,888.8,68.9,-3.2
98.7,888.6,69.7,-3.3
91.7,888.3,68.9,-3.4
89.2,888.1,67.8,-3.5
93.1,887.8,66.1,-3.5
88.6,887.7,64.2,-3.6
84.7,887.5,63.5,-3.7
78.8,887.3,64.7,-4
77.4,887.1,65.1,-4
78.1,886.9,65.4,-4
77,886.7,66,-4.1
75.5,886.6,66.7,-4.1
75,886.4,67.1,-4.1
81.9,886.2,68.5,-4.3
88.5,886,68.3,-4.3
80.2,885.9,68.6,-4.4
79.5,885.7,69.2,-4.6
82.2,885.5,68.8,-4.6
83.2,885.4,68.4,-4.6
82.5,885.2,68.4,-4.6
80.8,885.1,68.7,-4.7
84.3,884.9,68.3,-4.6
88.2,884.7,68.2,-4.6
79.8,884.5,68,-4.6
75.8,884.4,67.6,-4.6
76.2,884.2,67.6,-4.6
77,884.1,68.3,-4.7
68.2,883.8,68.3,-4.6
70,883.7,68,-4.5
66.1,883.5,67.9,-4.4
70,883.3,67.7,-4.2
78.2,883.1,68,-4.1
71.4,883,68.9,-4.3
72.4,882.7,69.5,-4.5
77.8,882.6,69.6,-4.5
79.9,882.5,70.4,-4.6
83.7,882.3,71.3,-4.8
83.1,882.2,71.4,-4.9
86.2,882.1,71.1,-4.8
86.4,882,71.3,-4.9
89.2,881.9,72.2,-5.1
90,881.8,72.5,-5.1
93.1,881.8,72.7,-5.2
93.1,881.7,73.8,-5.3
94.4,881.7,74.4,-5.5
94.6,881.7,74.2,-5.6
96.8,881.6,73.5,-5.6
94.7,881.5,73,-5.8
96,881.5,71.5,-5.8
88.9,881.5,71,-5.8
80.4,882.1,71.7,-5.9
78.7,883.5,72.4,-5.9
84.2,885.6,72.5,-5.9
90.7,890.3,73.4,-5.9
89.1,899.9,72.7,-5.8
81.3,903,72.8,-5.9
82.8,935.5,71,-5.6
79.7,937,68,-5.1
89.5,928.2,66.3,-4.4
97.5,921.2,65.9,-4.5
96.7,921.1,64.2,-4
95.3,920.2,64.9,-3.9
83.1,916.2,64.2,-3.8
83.5,920.8,62.2,-3.3
96.9,921.6,61.3,-3
103.2,922,60.2,-2.5
96.9,920.5,60.1,-2.7
85.9,920.5,59.1,-2.4
98.2,921.3,58.3,-1.9
102.5,919.9,58.1,-1.5
107.6,919.9,59.8,-1.8
100.5,919.4,60.5,-1.7
103.3,920.2,60.1,-1.6
106.3,919.3,60.6,-1.4
107.3,918.1,61.5,-1.5
106.2,919.5,59.9,-1.3
112.4,919.1,59.6,-1.2
86.5,919.2,59.3,-1.1
85.6,918.4,59.4,-1.3
93,919.3,58.7,-1
91,919.1,59.5,-1
92.2,918.8,59.9,-1.1
92.4,919.2,60.1,-1.1
94.7,919,60.3,-1.1
98.2,919.1,60.4,-1
96,906.2,60.6,-1.2
96.9,900.7,58.7,-1.5
86,896.1,58.3,-1.6
84.3,893.2,58.2,-1.7
87.4,891.4,57.6,-1.9
82.8,890.4,58.1,-2.1
87.6,889.9,59.4,-2.3
90.9,889.6,59.1,-2.4
90.5,889.2,59.7,-2.5
88.9,888.9,60.1,-2.7
101,888.7,59.8,-2.7
88.8,888.4,60.3,-2.9
97.2,888.2,59.2,-2.8
98.3,888,59.4,-2.8
88.8,887.7,59.6,-2.9
89.8,887.6,59.9,-3
92,887.4,60,-3.1
71.8,887.2,59,-3
87.2,887,57.8,-2.9
93.7,886.8,57,-2.8
88.9,886.7,58,-2.9
97.7,886.6,58.1,-2.9
104,886.4,58.6,-3
108.5,886.3,59.6,-3.1
102,886,59.9,-3.2
110.5,886,59.7,-3
109.6,885.8,61.9,-3.1
106.9,885.6,62.2,-3
123.4,885.5,62.7,-3.2
84,885.3,63.8,-3.3
127.5,885.1,63.1,-3.3
121.3,884.9,63,-3.3
122.5,884.7,60.1,-3
101.1,884.5,61.9,-3.2
71.3,884.4,62,-3.2
78.8,884.1,61.6,-3.2
77.3,883.9,62.6,-3.4
77,883.7,62.5,-3.3
77.6,883.5,61.6,-3.3
77.6,883.3,61.5,-3.2
76.8,883.1,59.6,-3.4
76.8,882.9,55,-3.2
76.8,882.6,57.1,-3.3
47.8,882.5,59.4,-3.2
47.9,882.3,57.6,-3.8
137,882.2,60.1,-3.1
148.6,882,60.7,-3.3
175.7,881.9,59.1,-3.2
186,881.9,60.9,-3.5
199.9,881.9,58.1,-3.2
222.9,881.8,57.8,-3.2
222.9,881.8,54.6,-2.4
223.1,881.7,53.5,-2.2
295.4,881.7,53.7,-2.2
296.3,881.7,57.6,-2.9
310.7,881.7,61.7,-3.7
312,881.7,60.6,-3.5
304.1,881.6,62.3,-3.8
303.8,881.6,62.1,-3.4
308.6,881.7,66.2,-3.5
311.8,881.7,70.9,-3
297.8,882.3,72.3,-3.1
287,883.7,74,-3.3
276.7,886.8,76.1,-3.3
286.3,891.8,75.2,-3.2
301,901.6,75.1,-2.9
307,911.9,73.1,-2.6
314.1,931.1,71.1,-2.2
303.8,935.4,70.9,-2.1
300.6,934.5,71.8,-2.3
307.1,919.8,71.6,-2.2
292.3,920.9,71.7,-2.1
283.3,919.6,72.1,-2
281.6,920.1,71.4,-1.7
286.3,919.6,69.8,-1.2
276.5,920.1,68.7,-1.1
268.3,918.6,66.6,-0.5
280.9,919.3,65.5,-0.2
281.4,918.3,64.5,0
298.9,919.7,63.2,0.5
301.7,918.6,62.5,0.8
289.3,917.7,60.4,1
298.6,916.8,59.4,1.3
286.8,917.3,57.8,1.5
298.4,917.6,56.3,1.7
291.2,916.8,56,2
300.9,917,55.9,2.1
296.5,917,56.2,2
302.1,917.2,56.3,2.1
304.5,917.1,56.9,2
304.6,917.4,56.9,1.9
297.7,917.3,57.4,1.7
299,917.3,57.7,1.7
287.2,909.2,57.2,1.7
291.1,907.2,57.8,1.6
289.3,903.7,58.3,1.7
278.1,900.2,58.8,1.4
277.2,897,59.3,1.3
290.9,893.9,60.3,1.2
295.7,891.8,61.4,1
313.8,890.7,61.2,0.9
282.3,890.2,61.3,1
282.5,889.8,62.2,0.7
161.2,889.5,66.5,0.4
103.8,889.2,69.4,-0.2
108.7,889,70,-0.2
112.9,888.7,71,-0.5
120.3,888.5,70.4,-0.5
124.8,888.4,70.5,-0.7
105.1,888.1,73.1,-1.1
99.6,888,73.2,-1.3
85.1,887.8,72.5,-1.2
89.7,887.6,71.8,-1.2
85.6,887.5,71.3,-1.2
96,887.4,72.4,-1.3
94.7,887.2,73,-1.4
105.4,887.1,72.5,-1.4
98.9,887,73.3,-1.5
100,886.8,74.3,-1.4
106.3,886.6,71,-1.1
107.5,886.6,75.5,-1.6
108.1,886.4,75.3,-1.6
105.9,886.3,76.1,-1.8
102.7,886,77.9,-1.8
140.6,886,75.2,-1.8
153.6,885.8,74,-1.8
123.3,885.6,75.8,-1.9
145.2,885.5,76.8,-1.8
152.5,885.4,76.8,-1.8
137.3,885.2,77.7,-1.9
141.4,885,79.5,-2.1
138,884.8,79.9,-2.3
127.3,884.7,80.1,-2.4
217,884.5,80.6,-2.6
228.6,884.3,81.1,-2.2
291.3,884.1,78.6,-1.7
305.7,883.9,79.1,-1.7
306.6,883.7,78.7,-2
306.7,883.4,79.4,-2.5
305.9,883.3,81,-2.4
323.1,883,81.8,-1.9
315,882.9,82.3,-2.7
315.9,882.7,82.1,-2.2
309.7,882.6,83.7,-3.1
297.4,882.4,82,-2.8
283.8,882.3,82.9,-2.5
269.4,882.2,85.1,-2.4
262.2,882.2,87,-2.7
280.9,882.1,88,-2.8
289.8,882,89.5,-2.9
279.9,881.9,90.5,-3
291.6,881.9,91.7,-3.2
303.5,881.9,87.9,-2.8
313.8,881.8,88.7,-3
306.4,881.8,87.1,-2.8
303.9,881.7,86.6,-2.7
313.6,881.8,89.9,-3.1
311.9,882.7,90.1,-3.2
310.6,885.1,91.2,-3.3
311.6,887.3,90.2,-3.2
308.4,894.8,91.3,-3.4
306.5,908,91.8,-3.3
303.2,936.2,88.4,-2.9
300.1,935,84.7,-2.3
291.1,920.9,83.2,-2
281.1,921.8,85.3,-2
278.1,921.2,85,-1.8
279.3,920.1,82.9,-1.3
275.4,919.3,79.2,-0.6
255,918.2,73.8,0.5
269.8,918.2,73.3,0.5
276.5,919.6,71.3,0.8
283,918.6,67.7,1.3
284.3,917.3,66,1.6
288.9,917.5,63.9,1.5
279.1,916.5,63.2,2
299.2,918.1,59.6,2.4
288.3,917.5,56.1,2.2
274.3,916.2,51.9,3
287.4,916.3,51.8,2.9
294.7,917.5,51.1,3.1
290.9,916.4,49.1,3.3
302.2,915.4,46.2,3.5
266.2,915.7,43.6,4
276.4,916.6,43.3,3.8
280.8,915.6,41.9,3.8
268.8,915.7,40.8,4
284.4,915.9,41.3,3.7
278.7,914.9,40.7,4
297.7,916.2,41.2,3.9
282.2,916.1,40.7,3.9
289.2,916,40.3,3.7
313.6,916.1,43.8,3.7
320.9,916.4,43.9,3.3
335.5,915.3,44.7,3.1
66.8,903.9,61.1,2.3
77.1,897.9,75.4,1
82.2,893.1,77.6,0.7
88.5,891.2,79,0.4
85.9,890.5,79.5,0.3
82.7,890.1,78.5,0.5
89,889.7,79.3,0.3
88.6,889.4,80.1,0.2
81.7,889.1,80.3,0.2
81.4,888.9,81.7,0
91.4,888.7,80.3,0.1
96.2,888.5,82.2,-0.1
99.1,888.3,84,-0.5
91.7,888.1,85.3,-0.9
87.7,888,88.7,-1.3
92.8,887.8,93.8,-1.7
87.4,887.7,96,-2
79.8,887.5,97.6,-2
74.8,887.3,98.2,-1.9
73.8,887.1,97.9,-1.9
86.3,887,98.4,-2
88,886.9,99.3,-2.2
97.9,886.7,99.3,-2.5
96.2,886.6,99.3,-2.5
102.2,886.5,99.3,-2.6
110.8,886.3,96.9,-2.3
104.3,886.2,98.4,-2.5
100.4,886,98.3,-2.6
112.4,886,99.3,-2.8
120.9,885.8,99.3,-3.2
124,885.6,99.3,-3.3
118.6,885.5,99.3,-3.4
111.4,885.4,99.3,-3.7
104.4,885.2,99.4,-4.2
100.8,885.1,99.4,-4.1
102.2,884.9,99.4,-4.1
103.3,884.8,99.4,-4
94.1,884.6,99.4,-4
77.1,884.4,99.4,-4
89.5,884.3,99.4,-4.1
76.5,884.1,99.4,-4.1
89.2,883.9,99.4,-4.2
83.1,883.8,99.4,-4.1
89.2,883.6,99.4,-4.2
86.8,883.4,99.4,-4.1
82.7,883.3,99.4,-4
92.4,883,99.4,-3.8
84.5,882.9,99.3,-3.7
91,882.7,99.4,-3.7
95.6,882.6,99.4,-3.8
107.3,882.4,99.4,-3.7
103.8,882.3,99.4,-3.7
107.5,882.2,99.4,-3.6
111.3,882.1,99.4,-3.6
108.6,882,99.4,-3.6
117.2,881.9,99.4,-3.7
112.7,881.8,99.4,-3.7
114.4,881.8,99.4,-3.8
115.8,881.7,99.4,-3.8
119.7,881.8,99.4,-3.8
117.8,881.8,99.4,-3.7
103.4,882,99.4,-3.7
104.1,882.1,99.4,-3.7
101.6,882.3,99.4,-3.6
107.7,882.3,99.4,-3.6
100.8,882.6,99.4,-3.6
101.7,883.2,99.4,-3.5
103.2,883.3,99.4,-3.4
97.6,883.5,99.4,-3.4
86.1,884.4,99.3,-3.3
96.6,884.4,99.3,-3.3
96.1,884.9,99.3,-3.1
86.9,885.9,99.3,-3
103.2,886.3,99.3,-3.1
94.8,887.7,99.3,-3
93.8,888.9,99.3,-2.9
88,890.6,99.3,-2.9
95.4,896.5,99.3,-2.7
95.3,900.4,99.3,-2.6
102.8,902.4,99.3,-2.5
109.9,903.8,99.3,-2.4
113.7,907.3,99.3,-2.4
112.7,907.7,99.3,-2.3
126.1,909.8,99.3,-2.1
115.9,911.5,99.3,-2
112,909.2,99.3,-1.8
114.8,903.7,99.3,-1.8
113.6,901.5,99.3,-2
111.2,902,99.3,-1.9
106.5,901.4,99.3,-2
114.2,901.3,99.3,-2
106.5,900.3,99.3,-2.1
110,899.2,99.3,-2.2
109.4,898.3,99.3,-2.2
93.6,895.6,99.3,-2.2
96.4,893.1,99.3,-2.3
88.6,891.2,99.3,-2.4
96.6,890,99.3,-2.5
95.4,889.2,99.3,-2.5
94.6,888.6,99.3,-2.6
89.7,888.1,99.3,-2.6
87.9,887.7,99.3,-2.6
88.5,887.1,99.3,-2.7
93.6,886.7,99.3,-2.7
103.9,886.3,99.3,-2.7
110.3,885.9,99.3,-2.7
109.1,885.4,99.3,-2.8
103.2,885,99.3,-2.8
106.4,884.5,99.3,-2.8
102.5,884.1,99.3,-2.8
99.1,883.6,99.3,-2.9
102.7,883.2,99.3,-2.9
97.1,882.8,99.3,-2.9
109.7,882.6,99.3,-2.9
112.6,882.4,99.3,-2.9
115,882.2,99.3,-2.9
131,881.9,99.3,-2.9
123.4,881.8,99.3,-2.9
123.5,881.7,99.3,-2.9
104,881.7,99.3,-2.9
122.6,881.6,99.3,-2.8
137.9,881.5,99.3,-3
102.5,881.5,99.3,-3.1
85.1,881.4,99.3,-3.1
130,881.4,99.3,-2.9
134.1,881.4,99.3,-2.9
145.3,881.4,99.3,-3.1
214.6,881.4,99.3,-3.2
214.5,881.3,99.3,-3.3
271.5,881.3,99.4,-3.1
285.8,881.3,99.4,-3.3
293.4,881.2,99.4,-3.6
286.8,881.2,99.4,-3.2
281.7,881.2,99.4,-3.2
280.6,881.2,99.4,-3.3
287.9,881.2,99.4,-3.4
283.3,881.2,99.4,-3.3
282,881.2,99.4,-3.3
286.2,881.2,99.4,-3
295.6,881.2,99.4,-2.8
293.3,881.3,99.4,-3.1
294.8,881.2,99.3,-2.9
289.3,881.3,99.3,-2.8
297,881.2,99.3,-2.7
297,881.2,99.3,-2.8
290,881.2,99.3,-3.1
297.5,881.2,99.3,-3.2
298.4,881.2,99.3,-3.2
294.5,881.2,99.3,-3.2
301.1,881.2,99.4,-3.5
295.6,881.2,99.4,-3.7
297.2,881.2,99.4,-3.3
300.8,881.1,99.4,-3.6
299.7,881.2,98.4,-3.1
298.9,881.8,92.4,-3
293.9,883.6,85.7,-2.9
295.9,887.7,78.3,-2.9
294.1,896.1,68.8,-2.8
304.4,910.2,58.3,-2.5
294.3,932.7,52.8,-2.4
298.9,935.5,47.6,-2.2
298.2,933.4,43.8,-2.2
298.8,921.4,44.3,-2.3
298.8,921.7,44.6,-2.4
294.4,922.8,44.9,-2.3
290.5,922.9,44.3,-2.2
298.6,921.8,43.4,-2.1
290.5,921.9,42.8,-1.9
296.2,921,41.2,-1.9
292,920.4,40.2,-1.8
297.6,919.4,38.6,-1.7
295.5,922.1,38.1,-1.4
295.7,920,37.4,-1.2
293.8,919.8,35.3,-1.6
292.8,920.2,34.1,-1.2
290.4,920.2,32,-1.3
300.3,920.8,31.3,-1.2
296.9,919.4,30,-1
298.8,919.5,29.3,-0.8
296.8,920,27.2,-0.8
300.7,919.2,27.4,-0.6
295.5,918.7,26.4,-0.7
291.9,918.6,26.2,-0.5
295.8,918.1,26.1,-0.5
298,919.1,25.9,-0.5
296.3,919,26.2,-0.2
302.9,918.2,25.9,-0.2
299.3,918.3,26.2,-0.2
298.5,919.1,26.2,-0.4
298.5,919,26.4,-0.5
309.3,918.7,25.7,-0.7
303.6,918.8,26.4,-0.9
296.9,918.3,27.2,-1.2
302.3,905.3,27.7,-1.7
306.7,897.7,28.1,-2.1
306,893,28.3,-2.2
300.7,891.3,29.4,-2.6
308.6,890.6,29.9,-2.8
309.7,890.1,30.3,-3
307.6,889.8,30.8,-3.2
301.5,889.5,32.2,-3.6
305.5,889.2,32.4,-3.6
304.8,888.9,33.5,-4
303.3,888.7,33.7,-4
295.1,888.5,33.5,-4
304,888.2,34.4,-4.3
305.4,888.1,32.9,-4.1
303.2,887.8,33.6,-4.3
320.9,887.7,33.9,-4.4
330,887.5,32.3,-4.2
332.5,887.4,31.3,-4.2
331.9,887.1,31.1,-4.3
331.6,887,31.2,-4.4
329.1,886.9,31.8,-4.7
338.8,886.7,30.7,-4.5
311,886.6,32.9,-5.1
258.7,886.5,37.6,-6.2
250.4,886.3,37.9,-6.2
247.6,886.1,38.5,-6.5
248.2,886,37.4,-6.2
250.4,885.9,38.2,-6.3
276,885.7,37.7,-6.2
284.8,885.6,37.1,-6.1
288.6,885.5,37.8,-6.4
282.2,885.4,36.5,-6.3
279.3,885.3,36.4,-6.2
286.6,885.3,36.3,-6.3
277.4,885.1,35.8,-6.3
275.6,885,36,-6.4
266.3,884.9,36.5,-6.6
254.2,884.8,37.3,-6.9
262.3,884.7,38.4,-7.2
267.2,884.6,38,-7.1
257.2,884.5,38.9,-7.4
272.9,884.4,39.4,-7.4
299.8,884.2,37.1,-7
297.7,884.2,37.6,-7.3
263.6,884,40.4,-7.9
278.9,883.9,41.3,-8
287,883.8,41.1,-8
283.7,883.7,39.9,-7.8
290.6,883.6,38.6,-7.7
291.7,883.4,38.1,-7.7
284.3,883.4,39.8,-8.1
292.5,883.3,40,-8.2
293,883.2,37.7,-7.9
289.2,883,36,-7.7
293.6,882.9,36.9,-7.8
294.5,882.8,38.7,-8.3
293.7,883.2,37.8,-8.1
287.7,888,39,-8.3
283.5,898.7,40.5,-8.5
292.5,923,37.1,-8
289.7,938.6,36.4,-7.6
293.4,938.8,35.5,-7.3
272,924.4,36.3,-7
281,923.5,36.2,-6.7
311.2,922.8,35.7,-6.2
297.9,924,35.6,-5.9
289,922.4,34.2,-5.6
286.6,921.6,33.5,-5.1
292.9,922.2,33.3,-4.7
291.2,920.8,32,-4.5
291.7,921.5,30.2,-4
276.9,921.1,29.7,-3.1
279.5,919.1,28.1,-2.6
226.5,919.4,22.7,-0.5
298.8,920.2,23.5,-0.8
260.4,919.5,25.4,-1.3
242.9,919.1,24,0.1
246.1,919.9,24.2,0
319.5,919.4,24.5,-0.2
292.8,917.1,24.8,-0.3
299.4,917.5,24.7,-0.3
307.6,918.6,24.8,-0.2
312.1,917.9,25.1,0.3
288.2,918.1,26.2,0.1
316.3,917.5,25.8,0.5
291.6,917.5,26.1,0.5
305.1,917.9,26.5,0.2
316.6,917.5,26.6,0.2
78.3,917.8,25.9,0.7
103.7,917.6,26.2,0.7
118.5,917.8,27.8,0.4
102.5,917.6,28.2,0.4
99.8,918.5,28.6,0
99.8,918.2,29.1,0
105.5,918.3,29.5,-0.2
118.5,908.6,30.1,-0.4
119.7,900.5,29.9,-0.6
118.7,894.5,31.3,-1
104.7,891.5,31.5,-1.2
102.8,890.6,31.9,-1.3
83.7,890.1,33.9,-1.8
81.7,889.8,35.9,-2.4
85.4,889.5,36.2,-2.5
83.3,889.2,36,-2.6
87.4,888.9,36.2,-2.6
84.3,888.7,35.8,-2.6
82.9,888.4,35.6,-2.6
89.7,888.2,35,-2.6
96.9,888,34.4,-2.5
97.1,887.8,34.3,-2.7
96.5,887.7,34.7,-2.7
127,887.4,33.6,-2.3
152.5,887.2,33.5,-2.5
258.8,887.1,34.8,-3
294.6,886.9,35.3,-2.7
293.4,886.7,38.6,-3.4
294.6,886.6,40,-3.2
289,886.5,41.3,-3.3
284.7,886.3,40.3,-3.3
293,886.2,41.1,-3.6
291.8,886,41.1,-3.8
295.2,885.9,40.9,-3.9
291.4,885.8,40.2,-3.9
290.7,885.6,40.6,-4
295.4,885.5,44.4,-4.6
293.6,885.3,45.3,-4.5
289.1,885.2,45.2,-4.3
286.4,885,45.3,-4.3
296,884.9,45.5,-4.3
290.6,884.8,45.2,-4.1
287.7,884.6,46.2,-4.2
290.1,884.5,46.1,-4.1
288.3,884.4,46.1,-4.1
294.6,884.3,47,-4.3
296.4,884.1,47,-4.2
291.8,884,47.9,-4.4
293,883.9,49.5,-4.7
292,883.7,50.8,-4.9
298,883.5,52.7,-5.3
295.8,883.4,52.8,-5.2
297.1,883.3,53.1,-5.3
295.1,883.1,53.5,-5.5
298.5,883,55.1,-5.9
297.6,882.8,52.2,-5.6
299.1,882.7,52.8,-5.6
298.2,882.6,53.2,-5.6
297.8,882.5,53.6,-5.4
298.6,882.5,54.3,-5.3
295.2,882.3,53.8,-5.3
295.3,882.3,54.5,-5.4
294.3,882.2,53.4,-5
292.4,882.2,52.5,-4.9
295.4,882.3,52.7,-4.7
293.6,884.2,53.9,-5.2
301.6,890.7,51.2,-4.3
300.2,903.7,49,-4
299.5,922.7,48.1,-3.9
300.1,937,45.6,-3.5
295.1,936.4,43.8,-3.2
301.7,922.3,44.2,-2.9
301.2,922.9,41.2,-2.5
295.4,922.4,39.9,-2.3
297,921.1,38.6,-1.9
296.9,921.2,37.2,-1.6
290.6,920.1,36.4,-1.2
299.5,919.4,35.6,-1.3
294.7,920.2,34.6,-0.8
296.2,919.9,34,-0.6
287.5,919.9,33.9,-0.8
294,920.5,33.1,-0.5
285.2,918.6,32.7,-0.1
291.4,919.4,31.9,0.4
292.3,919.2,31.2,0.6
294.7,918,29.5,0.7
290.5,917.9,28.1,0.6
292.2,919.5,27.5,0.9
288.7,918.8,27.5,1.3
291,918.7,27.4,1.2
291.4,918,27.4,1.5
284,919.2,26.8,1.7
292.2,918.2,26.3,2
283.4,917.7,25.8,2
286.3,918,27,1.7
283,918.7,26.8,1.9
286.2,917.2,26.5,2.2
293.5,917.2,25.5,2.3
287.7,916.7,25.2,2.2
286.6,916.7,25.5,2
284.5,917.8,24.6,2
290.5,916.7,24.8,1.9
293.8,918,25.5,1.7
289.6,917.8,26.2,1.4
295.4,907.6,26.9,0.9
294.3,899.7,27.6,0.6
294.6,893.8,26.4,0.7
294.2,891.2,27.7,0.1
295.6,890.4,27.3,0.2
301.9,889.9,28.8,-0.3
299.5,889.6,29,-0.3
304.5,889.3,29,-0.3
304.4,889.1,28.5,-0.2
303.5,888.8,28.6,-0.1
304.2,888.6,29.3,-0.4
302.7,888.4,29.3,-0.4
300.3,888.1,29.7,-0.6
290.7,888.1,29.8,-0.7
288.4,887.9,30.3,-0.8
296.6,887.7,29.2,-0.5
284.8,887.6,28.7,-0.3
277.3,887.4,29.1,-0.4
260.7,887.3,30.9,-1
257.1,887.1,30.3,-0.9
261.5,887,29.8,-0.5
283.4,886.8,28.6,-0.2
300.3,886.7,28,0
277.9,886.6,28.6,-0.2
290.4,886.6,28.6,-0.3
292.6,886.5,27.4,-0.2
300.9,886.3,27,-0.2
298.2,886.2,27.6,-0.5
301.9,886,27.3,-0.3
301.1,886,27.3,-0.2
280.5,885.8,27.7,-0.3
294.9,885.7,27.1,-0.1
310.5,885.6,26.8,-0.1
310.3,885.5,26.1,0.2
321.4,885.3,25.3,0.4
320.9,885.2,25.9,0
295.5,885.1,27.3,-0.5
307.1,884.9,26.7,-0.3
289.9,884.8,27,-0.3
281.6,884.6,29.1,-1
277.6,884.5,30.9,-1.6
291.9,884.4,32.2,-2.1
238.9,884.1,34.1,-2.7
174.2,883.9,35.6,-2.8
195.9,883.8,34.4,-2
212.9,883.6,34.2,-2.1
223.5,883.4,33.9,-2.3
225.3,883.3,35.1,-2.5
237.6,883.2,35.4,-2.6
237.6,883,37.2,-3
237.5,882.8,39.3,-3.3
237.5,882.7,40.8,-3.9
237.5,882.5,37.5,-3.4
237.7,882.4,36.7,-3.1
238.1,882.3,32,-2
269.7,882.2,31.5,-2.2
285.9,882.4,33.2,-2.4
290.3,883.7,35.3,-2.6
262.6,888,41,-3.1
264.7,898,35.7,-3.2
281.5,912.2,36.3,-3.1
284.9,934.9,39.8,-2.9
282.8,934.7,39.6,-2.5
286.7,926.8,40.6,-2.5
274.3,921.8,42.7,-2.4
287.8,920.2,41.9,-2.2
306.9,920.8,41.4,-1.8
289.7,920.4,41.2,-1.6
294.9,919.9,41.4,-1.2
294.9,919.4,41.1,-0.7
279.5,919.9,40.8,-0.2
290.6,918.3,39.4,0.2
284,919.3,38.3,1.2
291.1,917.6,36.8,1.6
286.7,917.6,34.2,2.1
301.2,917.3,31.2,2.5
293.6,917.2,30.7,3
306.1,917,30.5,3.2
280.1,917.4,30,3.4
291.2,916.9,29.1,4.3
298.7,915.5,28.2,4.4
289.5,917.3,27.3,4.8
297.3,915.2,26.3,5
288.8,915.5,26.5,4.9
284.1,915.6,26.8,4.8
284.7,915.7,25.3,5.4
291.6,915,24.2,5.7
290.8,915.5,25.2,5.5
298.9,914.7,25.3,5.4
293.9,914.9,24.8,5.4
293.8,914.4,25,5.3
296.1,914.8,25.1,5.4
294.9,914.9,25.5,5.2
296.7,914.8,25.5,5.3
282.9,915,25.8,5.1
292.6,915.1,26.4,4.8
286.2,907.6,26.8,4.4
279.9,899.8,27.6,4
264.2,894,28.3,3.9
276.2,891.4,28.6,4
291.3,890.6,29.1,3.9
283.8,890.2,29.4,3.9
280.8,889.8,28.5,4
270.9,889.5,29,3.8
272,889.3,28.2,3.9
283,889,26.7,4
286.4,888.8,24.5,4.3
287.1,888.6,27,4
289.8,888.5,23,4.4
310,888.2,22.4,4.4
311.4,888,23.1,4
311.4,887.9,24,3.6
311.1,887.8,24.9,2.9
54.7,887.5,26.4,2.7
74.3,887.4,29,2.2
74.3,887.2,26.2,2.7
74.7,887.1,25.9,3.1
74.7,886.9,25.6,3.1
76.5,886.8,27.2,2.9
71.8,886.7,29.7,2.1
71.9,886.5,28.2,2.3
71.9,886.4,26.7,3
109.2,886.4,41.9,0.5
84.5,886.1,46.3,0.3
86,886,39.5,1
83,885.9,40.2,1.1
88.1,885.7,46.2,0
83.3,885.6,46.2,-0.1
92.5,885.5,48.5,-0.3
87.6,885.4,49.7,-0.6
77.7,885.3,51.1,-0.9
83.9,885.2,55.6,-1.5
85,885,55.4,-1.9
89.3,884.8,56.2,-2.1
92.3,884.6,57.9,-2
95,884.5,58.1,-2
92.8,884.4,56.5,-1.9
92,884.1,56.9,-2.1
85.5,884,58.4,-2.3
86.7,883.8,60.8,-2.7
90,883.6,60.5,-2.9
86.2,883.4,59.7,-3.1
83.9,883.3,60.8,-3.3
83.4,883,62.3,-3.5
81,882.9,62.9,-3.8
78.3,882.7,62.7,-4
80.9,882.6,63.7,-4.2
80.9,882.4,64.6,-4.4
86.1,882.3,65.7,-4.7
98.5,882.2,66.4,-4.8
101.8,882.1,65.6,-4.8
105,881.9,66.3,-4.7
109.4,882.1,65.1,-4.6
103.9,883.2,66,-4.7
104,886.6,66.8,-4.7
103.4,894.8,67.8,-4.8
106.1,907.6,67.8,-4.6
106.6,926.1,67.3,-4.3
109,936.1,66.1,-3.9
105.3,936.5,65,-3.6
101,922.9,64.8,-3.5
103.8,922,63.3,-3.1
106.3,921.2,62,-2.6
102.2,921.4,60.2,-1.8
108.6,920.2,57.9,-1.4
109.6,919.8,57.2,-1.2
108.6,919.4,57,-0.7
107.8,918.1,55,-0.5
102.2,919,53.9,0.1
109.1,918,52.7,0.5
95.3,919.1,52.5,0.4
112.4,917.2,51.1,0.9
112.1,917.5,50.1,1.5
92.2,917.6,51.1,1.3
109.3,917.5,50.2,1.8
94.9,916.9,49.4,2
106,916.9,48.6,2
94.8,917.2,48.9,2.3
95.8,916,48.9,2.4
92,917.5,49,2.7
101,917.7,48.9,3
93.1,916.8,49.7,2.8
101.1,917.2,50.2,2.8
95.5,917.9,50.3,2.8
103.4,916.8,50.5,2.7
103.8,917.1,50.8,2.6
93.9,916.8,51.1,2.4
101.2,917.2,51.6,2.2
97,917.2,52.5,2
107.2,916.5,54.2,1.8
99.3,917.2,55.1,1.6
99.1,910.5,55.4,1.3
97.6,902.9,56.8,1
94.6,896.5,58.3,0.6
92.1,892.1,59.5,0.3
92.6,890.5,60.4,0.2
89.4,889.9,61,0.1
88.4,889.5,61.8,-0.1
87.1,889.1,63.2,-0.4
89.8,888.9,63.6,-0.4
93.4,888.7,64.5,-0.6
92.2,888.4,65.4,-0.8
90.2,888.2,66.9,-1.1
89.3,888,67.9,-1.2
91,887.8,68.4,-1.3
92.1,887.7,68.3,-1.3
88.1,887.5,68.6,-1.4
89.6,887.3,69.1,-1.5
91.3,887.1,69.6,-1.5
92.9,887,70.5,-1.6
88.5,886.8,72.2,-1.9
89.1,886.7,73.1,-2
88.8,886.6,74.7,-2.1
91.1,886.4,75.9,-2
90,886.3,77.2,-2.2
99.4,886.2,76.1,-2
100.7,886,76.2,-2.1
106.7,885.9,75.6,-2.1
114.7,885.8,76.8,-2.4
114.1,885.6,77.6,-2.4
108.9,885.5,79.1,-2.6
107.1,885.4,79.7,-2.4
104.2,885.2,79.5,-2.4
90.7,885.1,80.5,-2.6
84.8,884.9,81.8,-2.6
90.7,884.8,81.8,-2.5
83.1,884.6,82.5,-2.6
82.8,884.5,83.3,-2.6
85.9,884.4,83.9,-2.6
89.4,884.1,85,-2.7
86.6,884,85.7,-2.8
100.2,883.8,85.4,-2.6
106.7,883.6,85.7,-2.6
111.3,883.4,87.4,-2.8
109.7,883.3,87.4,-2.8
107.2,883,87.2,-2.7
107.6,882.8,89.4,-3.1
108.4,882.6,88.9,-2.9
113.4,882.4,89.9,-3
115.8,882.3,90.2,-3
114.4,882.2,90.2,-3
109.2,882,90.9,-3.1
110.1,881.9,91.2,-3.1
108.2,881.8,92.1,-3.2
108.1,881.7,92.3,-3.2
105,881.6,93.1,-3.4
103.7,881.5,95.5,-3.8
109,881.4,96.8,-4
104.2,881.5,98.1,-4.3
102.9,882.1,99.4,-4.7
99.6,882.8,99.4,-5
98.9,884.3,99.3,-5.1
102.5,887.5,99.3,-5.1
102.6,892.2,99.3,-4.9
101,894.6,99.3,-4.8
103.5,897.5,96.1,-4.6
102.5,901.3,93.2,-4.4
105.1,904.7,91.1,-4.1
106.3,907.7,89.2,-3.8
107.4,909.5,87.3,-3.8
104.3,908.6,85.9,-3.7
97.9,907.2,85,-3.6
105.7,907.5,83.6,-3.5
103.3,910.1,82.3,-3.5
105.5,915.8,81.7,-3.3
108.4,936.2,80.5,-3.2
101.6,935.7,79.5,-3.1
102.7,920.7,78.8,-2.9
107.4,920.6,78.2,-2.7
109.7,920.1,77.4,-2.5
108.7,920.8,76.8,-2.4
109.6,920.9,74.9,-1.9
106,920.1,75.9,-2.3
111.4,920.1,75.2,-2.1
100.7,919.7,74.5,-1.9
106.4,919.6,74.9,-2
107.9,919.7,74.4,-1.8
106,920,74.3,-1.9
111.4,919.4,73.8,-1.7
110.3,919.2,73.4,-1.6
107.7,919,72.7,-1.5
112.6,919.1,72.5,-1.5
108.2,919.2,72.2,-1.4
105.5,919.1,72.2,-1.4
110.4,912.1,72.2,-1.5
105.3,905,72.5,-1.6
106.3,900.4,72.7,-1.7
102.3,896.7,72.9,-1.8
100.7,892.9,73.4,-2
104.4,890.8,73.9,-2.2
108.7,889.9,74.4,-2.3
110.6,889.5,74.8,-2.4
111.3,889.1,74.9,-2.6
107,888.8,75.1,-2.7
101.8,888.5,75.8,-2.9
108.1,888.2,76.4,-3.1
107.6,887.9,77,-3.2
108.5,887.7,77.4,-3.3
108.1,887.4,77.8,-3.5
104.4,887.2,78.7,-3.6
113.5,887,78.9,-3.7
110.3,886.7,79,-3.7
104.4,886.6,79.8,-4
106.3,886.4,79.8,-4
110.4,886.2,80.5,-4.2
106.1,886,79.6,-4
106.9,885.9,79.7,-4
107.3,885.7,80.5,-4.2
111.6,885.5,80.5,-4.1
118,885.4,81.9,-4.3
120.5,885.2,82,-4.3
118.5,885.1,81.9,-4.3
116.2,884.9,80.7,-4.2
106.5,884.8,82.1,-4.4
113,884.5,81.8,-4.3
96.9,884.4,82,-4.5
100.4,884.2,80.4,-4.3
91.3,884,80.6,-4.4
76.8,883.8,79.6,-4.3
87.6,883.7,78.3,-4.1
91.4,883.4,77.1,-4
97.8,883.3,76.9,-4
85.8,883,76.9,-4.1
83.6,882.8,75.7,-3.8
86.1,882.6,75.6,-3.8
90.5,882.3,75.4,-3.7
96.9,882.2,75,-3.6
94.8,881.9,75.1,-3.7
90.9,881.7,75.7,-3.8
88.9,881.5,75.2,-3.7
83.7,881.3,76.4,-4
80.6,881.2,76.3,-4
88.8,881.1,76.4,-3.8
76.5,881,77.6,-3.8
85.4,880.9,77.7,-3.7
79.5,880.8,77.7,-3.5
63.8,880.8,78.6,-3.3
68.8,880.7,79.3,-3.5
68.4,880.7,79.6,-3.4
68.4,880.7,80.1,-3.2
68.5,880.6,83.7,-2.9
76.8,880.5,80.3,-2.8
68,880.5,82.8,-3.2
68.1,880.5,82.9,-2.5
60.8,880.8,82,-2.1
74.5,881.6,81.9,-2.2
72,883.7,81.7,-2.3
72,888.2,79.6,-2.3
74.8,897.4,79.9,-2
83.1,912.1,81.1,-2.2
105.7,935.3,79,-2.2
87.3,935.1,78.5,-1.9
101,925.1,77.4,-1.4
103.1,919.7,75.9,-1
106.2,919.4,75.3,-0.8
104.3,919,72.8,0.3
129.6,919.1,65,2.7
143,917.3,62.3,3.3
156.4,917.2,60.9,4.1
126.9,916.5,62.4,3.5
152.6,915.5,58.8,4.9
231.7,914.2,55,6.2
232.4,914.5,53.2,6.8
223.6,915.2,52.5,7.3
128.8,913.8,54.2,6.9
152.2,914.2,55.8,6.6
110.3,913.6,57.2,6.2
110.4,914.5,58.2,6
102.4,913.7,58.3,5.9
106.6,913.9,57,6.4
91.3,914,57.9,6.3
84.6,913.7,57.9,6.4
88,913.4,57.5,6.5
91.5,914,57.2,6.7
98.5,913.2,56.9,6.9
73.1,913.7,56.2,7.1
95,912.9,56.7,7.2
92.4,913.6,57.2,7.1
96.6,912.6,57.2,7
89.3,913.7,58.2,6.6
99.7,914.4,59.1,6.4
101.4,914.1,60.9,6
106.4,915.2,62.5,5.6
104.4,914.6,64.4,5.1
100.2,905.1,66.4,4.4
95.7,898.4,67.4,3.8
91.7,893.3,69.5,3.1
96.4,891.2,70.7,2.7
86.8,890.5,71.2,2.5
89.8,890.1,71.4,2.5
87.6,889.7,71.8,2.4
86.4,889.4,71.2,2.4
97.1,889.1,70,2.6
102.5,888.9,70.9,2.4
100.8,888.7,72.8,2
91.2,888.4,73.9,1.7
90.8,888.3,73.9,1.5
90.9,888,73.4,1.8
90.1,887.9,72.7,1.9
91.2,887.7,73.9,1.5
86,887.5,74.3,1.4
90.5,887.5,75.6,1.2
87.3,887.2,76.8,0.9
92.6,887.1,77.9,0.8
90.2,886.9,78.7,0.7
84,886.8,78.8,0.8
80.7,886.7,78.7,1
86.9,886.5,79.5,0.6
87.9,886.4,81.1,0.5
94.8,886.3,80.3,0.8
101.6,886.2,79.6,0.8
102.6,886.1,80.2,0.8
114.9,886,81.4,0.5
99.7,885.8,82.3,0.1
116.8,885.7,83.6,0.5
91.6,885.6,84,-0.1
95.5,885.4,83.3,0
108.4,885.3,82,0.1
92.3,885.2,83.5,-0.3
110.4,885.1,84.7,-0.3
102.2,885,85.7,-0.2
59.4,884.8,87.7,0.1
17.2,884.7,87.9,-0.2
316.6,884.6,87.6,-0.4
293,884.5,87.7,-0.3
247.4,884.4,88.9,-0.6
281.6,884.2,87.5,-0.6
283.1,884,89.8,-1
270.9,883.8,91.9,-0.8
291.9,883.7,94.1,-0.9
302,883.5,93.9,-0.8
308.2,883.3,94.6,-0.9
295.4,883.2,94.7,-0.9
286.4,883,92.1,-0.5
280.8,882.8,93.3,-0.8
293.8,882.7,88.6,-0.3
290.5,882.5,86.9,-0.3
294.3,882.3,84.9,-0.2
293,882.2,83.6,-0.1
298.9,882.1,87.4,-0.8
293.7,882.1,85.9,-0.6
295.7,882.5,84.4,-0.3
297.7,883.3,84.1,-0.2
295.9,884.9,83.7,0
301.3,887.9,86,-0.4
296.8,892.4,85.8,-0.3
299.5,900,86.6,-0.3
296.2,907.4,87.1,-0.4
299.5,914.7,86.2,-0.2
298.9,932,83.2,0.3
297.9,932.5,78.3,0.8
293.7,928.2,73.2,1.6
299.5,918.5,67.7,2.2
295.6,918.5,65.3,2.6
299.2,918.4,61.2,2.9
296.2,917.4,56.5,3.5
295.6,917.5,48.9,4.1
295.9,917.1,45.4,4.4
290.7,917.8,43.1,4.4
293,917.1,41.5,4.4
295.7,916.3,41.1,4.7
293.8,916.7,38.9,4.9
293.1,916.4,39.1,5.3
295.3,916.1,39,5.4
305,915.1,38.6,5.3
289.8,914.8,37.8,5.5
292.9,914.9,34.9,5.8
293,916.8,34.2,5.8
291.9,915.3,34.5,6
297.6,914.9,33,6.2
294.3,914.8,31.5,6.4
295.6,915.1,30.9,6.3
291.3,915.2,30,6.4
293.6,915.6,30,6.4
300.2,915.5,30.1,6.4
295.4,914.8,30.1,6.3
292,914.8,30.3,6.2
296.4,914.8,30.3,6.1
299.1,914.4,30.5,6
299,908.2,31.1,5.8
290.8,903,31.5,5.7
293.4,897.5,32.2,5.4
300.1,892.7,32.2,5.5
300.5,890.9,33.3,5
299.1,890.2,33.7,5
302,889.8,34.4,4.8
296,889.5,34.4,4.8
299.5,889.2,34.1,4.8
296.4,889,34.8,4.5
301,888.7,34.8,4.4
293.4,888.6,33.9,4.9
300.4,888.4,34.6,4.5
308.6,888.2,34,4.6
301.4,888,34.4,4.5
292.3,887.9,35.1,4.2
298.6,887.7,34.2,4.5
301.3,887.6,35.1,4.2
304.1,887.5,34.3,4.3
299.3,887.3,35,4
299,887.2,34.2,4.3
301.1,887.1,35.4,3.8
300.3,887,35.9,3.6
302.1,886.8,36,3.5
300.4,886.7,35.2,3.7
300.7,886.6,35.3,3.6
303.6,886.4,35.4,3.6
300.2,886.4,34.7,3.8
303.7,886.3,35.8,3.4
293.9,886.2,36.4,3.2
297.1,886,36.5,3.1
298,885.9,36.4,3.2
292.6,885.7,36.6,3
294.1,885.6,36.6,3
264,885.5,36.6,3
289.3,885.3,37,2.9
291.1,885.2,37.4,2.7
286.7,885,35.6,3.3
282.8,884.9,36.1,3
265.1,884.8,36.1,2.9
66.7,884.6,36,3
61.4,884.4,36.8,2.9
80.8,884.2,37,3
69.2,884.2,40.4,2
76.9,883.9,44.3,1.4
85.9,883.8,48.8,1
90.3,883.6,52.4,0.7
93.6,883.4,53.5,0.3
92.5,883.1,56.1,-0.2
90.7,883,56.6,-0.5
92.5,882.8,56.1,-0.7
92.9,882.6,55.8,-0.9
91.8,882.5,55.2,-0.9
93.4,882.3,56.4,-1.2
94.4,882.2,57.6,-1.5
93.5,882.2,58.2,-1.7
101.1,881.9,58.7,-1.9
98.6,882.1,60.1,-2.3
94.3,882.8,60.2,-2.4
97.8,884.7,60.9,-2.5
95.9,888.4,60.3,-2.4
94.9,895.2,60.8,-2.4
90.4,903.8,61.1,-2.4
82.7,912.3,59.7,-2.1
83.7,925.2,58.7,-1.6
87.3,935.1,55.5,-1.3
88.6,934.5,53.3,-0.9
83.7,920.1,52.5,-0.4
76.1,919,52,-0.3
80.5,918,51.7,-0.2
89.3,919.2,50.3,0.1
81.4,918.2,50.2,0.2
86,919,49.3,0.4
96.4,918.7,49.6,0.5
93.6,918.9,49,0.8
101.6,918.8,49.4,1
105.9,918.4,48.7,1.2
104.2,917.3,48.7,1.3
105.8,918.2,49,1.5
102.5,917.7,50.2,1.3
109.5,918.5,50.5,1.5
108.3,918.1,49.4,1.9
107.2,916.8,48.5,2.4
98.3,918.3,48,2.6
101.4,916.7,48.3,2.4
101.6,917.6,47.3,2.5
99.4,917.8,45.7,2.6
100.3,916.5,44.3,2.6
102,917.2,44.3,2.5
105.2,916.8,44.5,2.2
96.1,916.6,45.9,2.1
95.9,916.8,47.2,1.9
99.9,917.3,48.5,1.8
106.1,917.4,50.6,1.6
99.9,917.3,51.6,1.6
101.6,917.2,51.6,1.3
99.3,906.3,52,1
94.3,900.4,52.7,0.7
94.6,894.5,53.2,0.5
86.7,891.1,53.4,0.3
87.5,889.9,53.7,0.2
88.6,889.4,54.1,0.2
91.9,889,54,0.2
83.5,888.7,53.9,0.2
86.1,888.5,54.1,0.1
89.3,888.2,54.3,0.1
86.7,888.1,54.7,0
92.4,887.8,55.3,0
88.8,887.6,56,-0.1
90.1,887.5,56.9,-0.3
88.2,887.2,57.6,-0.4
91.7,887.1,58.4,-0.4
88.9,886.9,58.6,-0.5
81.1,886.8,59.9,-0.9
78.7,886.6,60.1,-1
77.9,886.5,60.4,-1.2
76,886.5,60.9,-1.3
75.9,886.3,61.8,-1.4
73.4,886.2,62.3,-1.4
79.7,886,62.5,-1.3
74.3,885.9,63.5,-1.4
70.8,885.8,64.4,-1.4
71.9,885.6,64.9,-1.4
71.4,885.5,65.9,-1.5
73.9,885.4,66.3,-1.4
75.2,885.3,66.3,-1.1
71.3,885.2,66.8,-1
69.8,885.1,67,-0.9
76.9,884.9,67.1,-0.9
63.2,884.8,67.8,-0.9
70,884.7,67.8,-0.8
74.6,884.5,67.6,-0.8
77.6,884.4,67.7,-0.7
84.8,884.4,67.7,-0.8
79.5,884.2,68.3,-0.9
79.8,884,68.7,-1
82.2,883.8,69.2,-1.1
85.9,883.7,69.3,-1.2
89.6,883.5,69.1,-1.2
82.2,883.3,69.2,-1.1
88.7,883.2,69.9,-1.3
86.5,882.9,70,-1.3
87.4,882.8,70.6,-1.4
91.9,882.6,70.4,-1.4
89.9,882.3,70.8,-1.4
91.4,882.2,70.5,-1.3
92,882,70.8,-1.4
91.5,881.9,72.1,-1.5
92.8,881.7,71.8,-1.4
84.1,881.7,71.8,-1.4
88.1,881.5,71,-1.3
92.3,881.4,70.6,-1.2
86.5,881.4,70.8,-1.2
85.8,881.2,70.4,-1.1
95.5,881.2,70.1,-1.1
80.7,881.2,70.6,-1.1
83.5,881.3,70.3,-1
103.4,881.5,72.9,-1.2
110.9,881.6,74.8,-1.3
115.2,882.2,76.6,-1.3
112.3,883,79.2,-1.4
116.2,883.8,82,-1.4
129.1,884.2,82.3,-1.5
136.7,885.1,85.1,-1.7
126,887,86.4,-1.6
125.6,888.5,87.5,-1.6
116.9,888.2,88.4,-1.6
123.1,887.7,87.8,-1.4
139,888.7,88.5,-1.4
131.1,889.3,88,-1.3
98.5,890.4,87.5,-1.1
98.3,892.1,85.8,-0.9
244.8,892.8,85.3,-0.5
244.4,895.2,83.4,-0.1
206.5,898.3,83.2,-0.1
251.5,900,82.3,0.2
221.9,902.4,79.2,0.7
231.8,904.1,77.6,1.1
233.4,903.7,77,1.1
246.5,903.7,77.2,1.1
291.2,904.9,79.7,0.5
281.1,905.5,77.3,0.7
290.4,903.5,77.4,0.7
279.3,900.4,77.5,0.8
278.9,898.4,78.4,0.9
274.2,896.5,78.4,1.1
287.5,894.9,78.6,1.3
287.4,893.6,77.8,1.4
291.6,892.3,78.1,1.4
297,891.5,77.5,1.4
289.2,890,76.6,1.4
293.5,889.3,74.1,1.4
291.5,888.3,73.4,1.4
290.6,887.4,73.2,1.4
289.4,886.6,73,1.4
290.8,885.9,74.4,1.3
287.2,885.3,74.4,1.2
291.8,884.6,73.9,1.2
290.3,884,72.7,1.2
295.2,883.4,72.7,1.1
294.2,882.9,71.2,1.1
294.8,882.5,70.2,1.1
295.8,882.2,69.8,1.1
295.1,882,70.4,1
296.2,881.8,70.8,0.9
298.1,881.6,70.3,0.9
294.3,881.5,70.9,0.8
295.1,881.5,70.6,0.8
293.6,881.4,70.8,0.8
294.8,881.3,70.1,0.8
294.3,881.3,68.7,0.9
301,881.3,69.1,0.9
301.2,881.3,68.4,0.9
300,881.3,68.1,0.9
296.1,881.2,67.6,1
298.4,881.2,67.7,0.9
298.1,881.2,66.1,1.2
298.1,881.2,65.9,1.2
300.2,881.2,66.5,1.1
295,881.3,66.3,1.1
296.3,881.2,65.6,1.3
303,881.3,66,1.2
300.5,881.3,66.7,1.1
300.5,881.3,66.5,1.2
305.8,881.3,66.9,1.2
301.6,881.3,66.5,1.2
298.6,881.3,66.5,1.2
298.8,881.3,66.4,1.2
295.6,881.3,66.6,1.2
293,881.3,66.3,1.3
297.4,881.3,66.9,1.3
298,881.3,67.1,1.3
299.2,881.3,67.3,1.3
298.4,881.3,66,1.5
288.4,881.3,66.5,1.5
272.4,881.3,67.2,1.4
282.5,881.3,62.6,1.6
291.8,881.3,54.2,2.1
297.4,881.3,52.9,2.2
303,881.3,50.2,2.3
302.3,881.4,50.5,2
299.4,881.4,48.7,2.1
298.2,881.4,48.1,2.1
293.4,881.4,48.2,2
300.6,881.4,46.9,1.9
297.5,881.4,45.8,1.8
298.6,881.4,45.1,1.8
298.9,881.3,45.5,1.8
296.1,881.4,45.3,1.7
296.5,881.4,45.2,1.6
287.4,881.6,42.5,1.5
292,882,40.4,1.3
295.2,883.3,38.9,1.3
290.8,885.7,37.9,1.3
292.9,886,38.3,1.4
296.5,884.1,39.6,1.3
302.8,884.2,41.2,1.2
298,885,42.3,1.2
297.4,886.9,42.1,1.2
279.4,889.7,40.9,1.2
289.9,895,41,1.4
299.5,899.3,41.9,1.5
293.1,905.7,41.8,1.3
294.7,913.4,40.3,1.7
297.3,930.9,39.9,1.8
295.8,931.8,38.4,1.7
295.1,922.1,37.2,2
296.3,917.9,35.4,2.5
296.3,919,34.3,3
300.7,918.8,33.1,2.7
292.1,918.3,33,2.9
286.6,918.8,32.9,2.6
303.2,919.1,31.9,2.8
294.4,916.5,31.4,3.5
296,919.5,31,3.3
290.3,918.4,30.7,3.4
287.3,918.7,30.8,2.9
290.7,917.3,30.2,3.6
285.8,918.3,29.8,3.5
287.6,917.8,29.1,3.3
295.1,917.4,28.4,3.6
301.1,918.5,27.6,3.9
299.3,917.1,26.9,4
294.5,916.9,26.7,3.3
284.9,917.4,26.5,3.2
285.6,917.3,25.9,2.9
297.8,918.2,24.1,3
293.9,917,22.4,2.6
291.7,917.1,22,2.4
295.9,912.4,21.1,2.1
298.4,901.1,20.9,1.9
294.2,894.8,21.9,1.5
298.1,891.9,21.1,1.4
293.3,890.9,20.2,1.4
296.1,890.4,21.2,1.1
304.5,890,21.7,0.7
306.7,889.7,21.3,0.9
310.2,889.4,22.3,0.6
305.8,889.1,22.2,0.3
303.7,888.9,22.7,0.3
299.2,888.6,23.6,-0.1
293.6,888.5,24.5,-0.5
302.7,888.3,23.9,-0.2
308.2,888.1,24.3,-0.5
331,888,23.8,-0.3
303.5,887.9,24.7,-0.9
290.9,887.6,23.8,-0.8
342.5,887.6,26.7,-1.2
48.7,887.4,72,-2.5
90.9,887.2,76.3,-2.9
91.5,887,80.3,-3
97,886.9,80.2,-3.1
91,886.8,81.3,-3.3
101.8,886.6,80.7,-3.6
94.9,886.6,79.6,-3.7
87.4,886.4,79.4,-4.1
89.4,886.3,77.2,-4.3
89.9,886.2,73.6,-4.5
95.4,886,73.6,-4.7
108.5,885.9,76.4,-4.8
113.2,885.8,72.4,-5
107.8,885.6,68.7,-5.1
101.1,885.5,67.5,-5.2
103.3,885.5,68.2,-5.4
103.9,885.3,68.9,-5.7
99.2,885.2,66.3,-5.8
97.3,885.1,63.8,-5.9
92.9,884.9,63.3,-6.1
98.4,884.8,62,-6.4
96.3,884.7,60.5,-6.3
89.3,884.5,62.6,-6.6
89.5,884.4,61.3,-6.7
91,884.3,61.9,-7
90.3,884.2,60.5,-7
93.5,884.1,59.7,-7.1
97.7,883.9,58.9,-7.2
93.9,883.9,58.3,-7.3
94.8,883.8,57.6,-7.4
91.8,883.7,55.1,-7.5
95.4,883.5,54,-7.8
95.3,883.4,54,-7.9
90.1,883.3,54.4,-8.1
96.2,883.1,55,-8.2
96,883,53.5,-8.1
92.7,882.9,51.1,-8.2
93.3,882.9,52.4,-8.3
92.8,883.4,50.8,-8.4
98.4,884.1,48.9,-8.4
100,886.6,48.6,-8.4
95.8,891.3,48.7,-8.3
91.9,894.5,48,-8.2
94.5,902.4,47.9,-8.2
96.6,923.6,46.8,-8
96.4,939,44.4,-7.7
98.1,938.5,44.4,-7.5
93.4,924.2,44,-7.3
94.1,923.8,42.9,-6.9
101.6,923.4,43,-6.8
96,923,43,-6.8
97.7,924,43.1,-6.7
95,922.9,42.3,-5.9
96.5,923,42.4,-6.1
96.3,922.2,42.8,-6
102.7,922,43.4,-6.1
109.4,922.3,44,-6.1
102.4,923.1,43.7,-6
104.9,922.9,43.4,-5.6
98.4,922.4,44,-5.7
94.9,922.7,43.9,-5.5
103,922,43.6,-5.5
113.1,923,43.8,-5.2
108,921.3,43.9,-5.1
106.6,921.8,44.9,-5.4
109.7,922.3,44.8,-5.4
117.4,921.5,46,-5.2
105.9,922.3,45.6,-5.2
107.6,922.6,46.1,-5.1
103.2,920.9,45.5,-4.9
104.7,921.5,46.7,-5.1
102.9,921.4,47.6,-5
112.9,921.9,47.6,-5.2
113.7,921.9,47.4,-5.1
107.3,913.2,47.5,-5.3
102.2,905.4,47.9,-5.3
97.2,901.6,48.5,-5.5
88.9,896.1,49.6,-5.7
93.8,891.9,50.4,-5.9
95.1,890,51.2,-6.1
92.6,889.3,52.1,-6.3
93.3,888.8,53.6,-6.4
91.4,888.4,53.8,-6.4
92.2,888.1,54.6,-6.5
87.9,887.8,55.1,-6.4
89.1,887.6,56.1,-6.6
90,887.3,57.3,-6.5
82.5,887.1,58.7,-6.5
90.1,886.8,59.1,-6.5
95.8,886.6,59.8,-6.5
89,886.5,59.9,-6.5
90.7,886.3,59.8,-6.5
88,886.1,60,-6.5
85.4,886,60.1,-6.5
93.1,885.8,60.4,-6.6
93,885.6,60.3,-6.6
88.8,885.5,60.2,-6.7
89.9,885.4,60.4,-6.7
93,885.2,59.9,-6.7
95.9,885,60.3,-6.7
95.2,884.8,60.4,-6.7
90.5,884.7,61,-6.7
87.5,884.5,61.1,-6.7
87.6,884.4,61.4,-6.7
90.8,884.3,61.5,-6.7
101.3,884.1,61.5,-6.7
99,884,61.6,-6.7
92,883.8,61.9,-6.7
87.3,883.7,61.9,-6.7
88.4,883.6,62,-6.7
91.6,883.4,62.4,-6.7
91.2,883.3,62.3,-6.7
105.8,883.1,62.7,-6.7
94.6,883,62.7,-6.7
100.8,882.8,63.2,-6.8
108.4,882.7,63.3,-6.8
108.6,882.5,63.3,-6.8
100.6,882.4,63.8,-6.8
111,882.2,63.9,-6.9
109,882.2,63.9,-6.9
109.8,882,64.5,-6.9
112.3,881.9,65,-7.1
110.9,881.8,65.1,-7.1
119.7,881.7,65.7,-7.2
97.3,881.7,66.3,-7.2
92,881.6,66,-7.1
89,881.5,65.6,-7.1
78.7,881.4,65.7,-7
100.2,881.4,65.7,-7
110.9,881.3,65.9,-7
118.5,881.3,65.9,-7
101.4,881.2,66.9,-7
105.2,881.1,66.6,-7
96.8,881.2,66.9,-7
86.8,881.7,67.3,-7
74.8,882.6,66.6,-6.9
78.5,885.6,66.7,-6.8
77.2,894.6,65.4,-6.5
65.5,906.1,64.8,-6
304,923.3,64.7,-5.7
301.7,936.6,59.3,-4.3
257.8,916.3,56.1,-3.6
243,920.5,55.6,-3.4
149.3,916.8,59.4,-4.6
135.6,912.9,60.4,-4.8
101.6,918.8,59.6,-4.5
131.4,918.2,60.3,-4.5
229.9,920.7,56,-2.8
294,922.6,56.5,-2.9
287.9,921.1,57.2,-3
282.7,922.2,57.5,-3.2
270,935.7,56.9,-2.7
262.1,935.4,56.7,-2.5
269.8,919.9,57.3,-2.7
272.2,919.7,56.9,-2.5
287.8,919.7,56.4,-2
276.4,919.7,55.9,-1.5
273.2,919.6,56,-1.5
279.6,919.4,56.1,-1.6
288.7,919.7,55.7,-1.3
295.5,920,55.3,-1
295.5,919.8,54.9,-1.2
294.8,919.5,54.2,-1
292.1,919.5,54.3,-0.7
290.4,919.3,54.2,-0.7
292.8,919.4,54.4,-0.9
288.7,919,54.1,-1
291.8,917.5,53.9,-1
291.5,913.8,53.8,-1.1
290,905,54,-1.2
288.5,903.4,54.8,-1.2
287.3,899.8,55.8,-1.3
291.8,896.5,56.8,-1.4
291.8,892.6,57.1,-1.6
287.1,890.9,58.1,-1.8
285.3,890.1,58.6,-2
290.2,889.7,59.1,-2.1
286.8,889.4,59.4,-2.2
287.3,889.1,59.5,-2.2
281.5,888.8,59.2,-2.1
288.1,888.5,59.1,-2
294.4,888.3,58.9,-2
293.2,888.1,60,-2.2
297.5,887.9,60.3,-2.2
290.3,887.7,60.4,-2.3
293.1,887.5,60.9,-2.4
299.2,887.4,61.2,-2.5
297.8,887.2,62.5,-2.8
291.2,887,62.7,-2.8
296.3,886.8,63.5,-3
300,886.6,64.1,-3.2
299.9,886.6,64.7,-3.3
294,886.3,63.8,-3.1
288.9,886.2,63.3,-2.9
289.2,886,63.1,-2.9
289.7,886,63.9,-3.1
291.8,885.8,63.9,-3.1
288.8,885.6,62.6,-2.9
290.6,885.5,62.8,-2.9
287.9,885.4,62.7,-2.9
291.4,885.2,63,-3
293.1,885.1,63.6,-3.1
296.4,885,64.1,-3.2
291.9,884.8,64.4,-3.2
288.7,884.7,63.3,-2.9
293.2,884.5,64.7,-3.2
296.8,884.4,63.7,-3
294.5,884.3,64.6,-3.1
300.7,884.1,66,-3.3
301.1,884,67.9,-3.6
302.1,883.8,69.3,-3.7
301,883.6,70.4,-4
300.9,883.4,69.6,-3.8
302.1,883.3,69.5,-3.8
297.5,883.1,69.3,-3.7
297.4,882.9,68.9,-3.6
298.7,882.7,69,-3.6
298.6,882.6,69.2,-3.6
288.5,882.4,68.4,-3.4
285.6,882.2,68.1,-3.4
295.3,882.2,66.4,-3.1
297.3,882,66.9,-3.2
295,881.9,65.9,-3.1
306.2,881.8,64.8,-2.9
302.4,881.7,64.5,-2.9
303.8,881.7,64.7,-2.9
323.2,881.6,64.8,-2.9
316.2,881.5,60.7,-2.2
309.3,881.4,60.5,-2.2
310.6,881.8,59.7,-2.1
310.6,882.9,60.1,-2.2
331.9,885.6,58.3,-1.7
55.7,891.2,59.9,-2.1
62.4,901.7,59.8,-1.8
60.7,914.7,60.1,-1.7
75.7,935.5,62.8,-1.9
80.9,934.1,64.5,-2.2
83.5,921.2,64.6,-2
90.1,920.8,64.3,-2
87.4,921.8,63.1,-1.7
93.1,918.5,60,-1.2
91.2,919.5,57.3,-0.5
92.1,919,57.9,-0.4
97.6,918.4,53.5,-0.4
93,919.7,48.3,-0.1
84.4,919.1,47,-0.3
97.4,919.8,48.1,-0.2
92.6,919.1,50.8,-0.5
95.5,918.7,54.7,-0.3
111.1,918.4,51.7,-0.4
103.4,919.1,54,-0.6
103.4,919.1,57,-0.7
97.9,919.3,55.7,-0.8
96.8,918.7,55.8,-1
85.5,918.5,58.1,-1.1
95.9,919.8,56.3,-1.1
90.6,919.5,54.5,-1
96.2,918.7,54.6,-1
87.5,918.2,55.3,-1.2
96,918.8,55.4,-1.1
89.8,918.9,55.4,-0.9
97.8,918.5,56.3,-1
88.6,918.9,57.3,-1.1
95.5,918.6,56.8,-1.1
90.2,918.9,57.5,-1.2
89.5,919.1,59.4,-1.3
89.8,918.7,60.8,-1.4
88.6,919.5,61.5,-1.5
88.1,919.4,62.3,-1.7
87.9,905.5,63,-2
92.6,898.7,63.8,-2.2
90.3,893.2,64.3,-2.5
95.1,890.9,64.8,-2.7
95.8,890.1,66.1,-3
97,889.6,67.2,-3.3
93,889.2,68.2,-3.6
89.5,888.9,70.3,-3.9
86.4,888.6,72,-4
92,888.4,73.6,-4.1
85.7,888.1,75.1,-4.2
85.8,887.8,76.4,-4.4
79.2,887.7,77.2,-4.4
79,887.4,75.9,-4.2
77.6,887.3,75.8,-4.2
77,887,75.4,-4
76.5,886.9,76.4,-4.2
76.9,886.7,76.2,-4.2
80.8,886.6,76.2,-4.1
80.2,886.4,76.7,-4.2
79.5,886.3,77.2,-4.3
77.9,886.2,76.9,-4.3
79,886,76.9,-4.4
84.7,885.9,75.3,-4.3
84.3,885.8,75,-4.4
79.5,885.6,75,-4.5
78.1,885.5,73.1,-4.4
74.6,885.4,71.2,-4.3
76.3,885.2,67.4,-4.3
79.1,885.2,65.8,-4.2
77.6,885,66.6,-4.4
74.9,884.9,66.8,-4.5
71.2,884.8,67.7,-4.7
72.2,884.7,65.7,-4.6
68.3,884.5,64.3,-4.5
69.8,884.4,63.6,-4.4
61.9,884.4,63.2,-4.3
66.5,884.2,62.5,-4.1
73.7,884.1,62.3,-4.1
77.6,884,62.7,-4.3
76.3,883.8,62.4,-4.4
69,883.7,62.5,-4.3
77.2,883.6,61.9,-4.3
75.1,883.4,61.2,-4.3
88.8,883.3,59.9,-4.3
96.6,883.1,60.1,-4.4
82.4,883,61.7,-4.5
91.5,882.7,61.1,-4.5
95.5,882.6,61.5,-4.6
98.8,882.5,64,-4.6
94.4,882.2,65.2,-4.6
91.9,882.1,66,-4.6
95.7,881.9,67.1,-4.5
94.9,881.7,69.5,-4.4
98.8,881.7,72.1,-4.4
99.2,881.5,72.6,-4.5
97.8,881.2,71.4,-4.4
102.1,881.3,70.2,-4.5
101.2,881.4,65.9,-4.4
99.1,881.8,62.9,-4.3
91.9,882.2,62.1,-4.2
96.3,883.1,61.5,-4.3
97.1,885.6,61.9,-4.1
93.1,889.8,61.7,-4
94.5,897.2,62.2,-3.6
93.4,906.4,62.5,-3.5
94.1,908.4,63.3,-3.3
97.8,925.8,63.8,-2.7
110.3,929.9,62.6,-2.1
107.7,935.1,63.2,-2.1
91.5,919.5,63.3,-2.1
111.9,918.9,62.7,-2
109.7,918.8,62.3,-1.9
104.2,918.9,62.3,-2.1
93.2,919.2,61.6,-2.1
83,918.8,61.9,-2
100.9,919.1,62.6,-1.9
103.4,919.3,62.7,-1.9
105.8,919.3,62.2,-1.9
101.3,919.4,63.1,-2
110.6,919.2,63.5,-1.9
103.9,918.9,61.7,-1.5
106.6,919.5,62.7,-1.8
102.1,919.8,61.5,-1.5
97.2,919.8,60.4,-1.6
102.9,919.5,60.3,-1.7
101.2,919.3,61.3,-1.6
104.8,913.5,63,-1.6
104.6,906.7,63.5,-1.8
103.7,904.6,64.3,-2
104.3,903.8,65.6,-2
106.7,903.1,65.3,-2.1
109.6,900.7,65.8,-1.9
98.6,897.8,64.6,-2
102.6,895,65.7,-2.1
109.8,892.6,66,-2.2
106.5,891,66.2,-2.2
101.3,890.1,66.5,-2.3
103,889.6,65.3,-2.3
98.5,889.3,65,-2.4
102,888.9,65.8,-2.4
97.3,888.7,66.4,-2.4
94.5,888.4,66.2,-2.5
91.8,888.2,67,-2.6
106.4,888,67.4,-2.6
110,887.7,68,-2.6
112.6,887.6,67.7,-2.7
117.8,887.3,65.2,-2.7
114.2,887.1,65.2,-2.8
113,887,64.9,-2.8
111.7,886.8,64.6,-2.8
113.4,886.6,63.7,-2.8
108.5,886.6,63.9,-2.9
105,886.3,61.8,-2.8
97.6,886.2,61.3,-2.8
106.8,886,61.5,-2.9
113.8,885.9,62,-2.9
111.7,885.8,62.2,-2.9
97.9,885.6,62.3,-3
98.1,885.5,62.4,-2.9
100,885.3,62.4,-2.9
92.5,885.2,63.1,-3
88.5,885.1,64.5,-2.9
109.5,884.9,66.9,-2.9
103.7,884.8,67.6,-2.9
99,884.6,68.1,-2.8
99,884.4,67.7,-2.8
99,884.3,68.2,-2.8
99,884.1,68.6,-2.8
99,884,67.1,-2.7
99,883.8,66.1,-2.7
349.9,883.6,60.8,-2.6
349.7,883.4,56.1,-2.5
328.9,883.2,62.6,-2.9
329,883,60.9,-2.9
329,882.7,57.8,-2.8
329,882.5,57.4,-2.8
304.3,882.2,59.5,-2.9
305.6,882,58.9,-3
304.4,881.8,59.3,-3.1
304.4,881.7,61.8,-3.3
306.1,881.5,62.4,-3.5
307,881.3,58,-3.2
294.1,881.2,58.6,-3.5
286.3,881.1,67.7,-3.8
288.1,881.1,69.9,-4
296.7,881,68,-3.5
292.2,880.9,69.6,-3.6
293.6,880.8,72.8,-4.1
291.5,880.8,74.3,-4.1
296.1,880.7,76.2,-4.2
295.7,880.7,74.4,-3.9
290,881.2,71.2,-3.2
296.7,883.1,72.3,-3.3
294.6,888,72.4,-3.3
292.3,897.8,70.9,-3.2
292.2,910.6,70.3,-3
278.7,929,74.2,-3.2
282,935.6,73.9,-2.9
277.2,935.6,72,-2.5
276.3,921.1,69.3,-2
278.3,920.1,66.1,-1.5
292.2,920.3,64.7,-1.3
289.6,919.9,62.4,-0.9
291.8,918.8,60.8,-0.3
293.3,918.8,58.1,0.1
298.1,918.5,56.2,0.6
302,919.8,55.2,1
294.6,918,53.8,1.4
301.3,918,52.2,1.8
291.9,916.8,51.2,2.2
301.8,917.4,50.3,2.6
301.1,916.8,49.4,3
291.8,916.6,48.5,3.5
301.2,917.2,48.3,3.7
306.7,916,47.5,4.1
288.2,915.9,46.8,4.5
328.6,914.9,45.6,5.3
283,915,44.6,5.9
352.9,914.4,44.5,6
68.6,913.8,44.5,6.1
112.4,913.3,45.5,6
106.8,913.2,46.5,6.1
110.7,911.7,46.7,6.4
104.5,913.2,48.3,6
90.7,913.7,48.3,6.1
115,914.2,48.1,6.2
92.3,912.9,48.1,6
95.6,915,48.4,5.9
103.8,914.6,48.3,5.9
99.2,914.8,49.4,5.6
92.5,914.9,50.3,5.2
92,913.9,51.7,4.8
95.7,902.1,52.1,4.4
100.5,895.8,52.4,4.1
93.3,892.2,52.8,3.9
93.1,890.9,53.5,3.4
97.3,890.4,53.9,3.3
90.1,890,55,2.9
86.5,889.7,55.9,2.5
89.7,889.4,54.8,2.4
91.3,889.1,54,2.3
89.2,888.9,54,2
94,888.6,54.2,1.9
89.7,888.4,54.9,1.8
90.8,888.3,54.8,1.9
88.9,888,54.3,1.9
88.5,887.9,52.5,1.7
88.4,887.7,53,1.5
88.2,887.5,52.1,1.4
92,887.5,52.1,1.4
92.7,887.2,53,1.2
95.1,887.1,53.4,1.2
102,886.9,54.9,1.2
100.8,886.8,54.3,1.2
92.6,886.7,54.4,1
103.8,886.5,55.8,1.1
135.5,886.4,58.3,1.2
159.5,886.4,63.8,1.4
199.3,886.3,63.7,1.2
295.7,886.1,65.4,0.8
269.8,886,61.4,1.5
280.2,885.9,63.8,0.5
283.2,885.8,64.7,0.1
295.7,885.6,66.6,-0.3
299.6,885.5,65.5,0.1
299.7,885.4,65.8,0.1
296.4,885.3,66,0.2
294.5,885.2,65.2,0.4
294.1,885,64.7,0.4
294.7,885,63.8,0.7
290.7,884.9,64,0.6
280.8,884.7,66.6,0
288.3,884.6,65.7,0.3
296.1,884.5,65.9,0.4
300.8,884.4,65.5,0.6
297.9,884.2,65.5,0.6
295.3,884.1,65.4,0.7
296.8,883.9,65.8,0.6
295.4,883.8,65.9,0.5
293.7,883.7,65.6,0.5
294.3,883.6,65.9,0.3
294.2,883.4,65.1,0.6
292.6,883.2,65.9,0.6
290.7,883.1,65.3,0.9
292.1,882.8,66.6,0.6
292.3,882.7,65.5,0.9
290.2,882.6,64.5,1.1
294.5,883.1,65.8,0.8
291.6,883.4,65.6,0.7
295.5,885,65,0.8
295.9,891.3,63.5,1.4
295,899.3,63.4,1.5
296.5,898.6,63.5,1.6
298.4,916.4,62.8,1.8
293,908.2,62.4,2.1
297,904,62.6,2.1
307.6,932.3,61.8,2.5
306.2,913.8,62.3,2.5
305.7,909.6,61.8,2.5
313.1,917.4,61.9,2.4
302,917.4,61.1,2.9
293.4,916.5,59.2,3.7
293.3,917.2,56.9,4.8
297.3,917.1,56.3,5.3
297.2,916.3,56,5.5
282.5,914.8,54.8,6.4
282.8,914.8,53.7,6.6
288.4,915.3,52.6,6.9
277.5,914.1,51.8,6.8
287.6,915.2,50.8,7.1
279.8,915.8,50.3,7.2
285.5,913.5,49.1,7.7
285.8,913.7,49.4,7.5
276.4,914.5,48.6,8.1
282.6,914,49,7.9
277.6,914.6,48.2,8.4
284.8,913.7,47.9,8.5
286.2,912.8,47.7,8.6
276.5,912.7,47.1,9
300.9,913.1,47.1,9.2
275.9,912.3,46.9,9.3
297,913.2,46.4,9.5
300.5,912,46.5,9.3
304.2,911.9,46.9,9.1
298.5,911.9,47.2,8.7
299.9,911.8,47,8.7
298.8,912.4,47.5,8.3
288.4,912.5,48.9,8
294.9,903.7,49.4,7.4
280.3,897.1,50.7,7.2
278.2,892.5,51.6,6.8
298.8,890.8,52.6,6.6
279.5,890.2,53,6.5
287.1,889.7,53.5,6.4
296.1,889.4,51.1,7.1
295.3,889.2,51.5,6.9
327.4,888.9,50.1,7.4
316.1,888.7,51.3,7
307.6,888.5,52.2,6.7
312.3,888.3,52.8,6.5
323.4,888.2,53,6.5
316.1,888,53.4,6.5
297.1,887.9,52.2,6.7
304.9,887.8,50.3,7.2
282.3,887.6,51.4,6.8
282,887.5,52.7,6.4
281.6,887.4,53.9,6.1
253.8,887.2,53.9,6
263.9,887.1,51.5,6.7
273.3,886.9,51.4,6.6
270.4,886.9,50.1,6.7
270.8,886.8,49.5,7
318,886.7,49,7.2
308.3,886.5,50.8,6.7
316.9,886.4,54.2,5.7
19.7,886.4,54.9,5.7
32,886.3,54.5,5.5
341.8,886.2,56,5.4
328.5,886,56.8,5.3
320.2,885.9,56,5.1
324.4,885.8,56.1,4.8
321.4,885.7,57.2,4.7
309.8,885.6,57.4,4.5
320.6,885.4,57.7,4.6
308.3,885.3,57,4.8
293.5,885.3,56,4.8
283.8,885.1,56.6,4.7
274.9,885,59,4.2
292.5,884.8,57.1,4.5
276.5,884.7,57.4,4.6
270.6,884.6,57.6,4.4
279.7,884.5,57.2,4.5
286.9,884.3,57.3,4.5
290.3,884.2,56.9,4.6
260.2,884,57.9,4.3
174.8,883.9,65,2.5
102.6,883.7,73.5,0.8
79.9,883.4,82.5,-0.3
96,883.2,85.6,-0.4
78.8,883,90.1,-0.6
94.4,882.9,99.3,-0.2
93.4,882.6,99.3,0
98,882.6,97.3,0.9
101,883.1,90.5,1.6
110.6,884.4,90,1.7
107.9,887.9,90.9,1.6
111.1,896.4,91.9,1.7
98.3,906.1,95.6,1.7
95.1,903.6,98.1,1.2
86.7,903.5,99.1,0.8
92.2,905.4,99.3,0.6
94.4,907.2,99.3,0.8
96.3,925.2,99.3,1
109.9,932.1,99.3,1.2
107.7,931.4,99.1,1.6
108.5,918.5,96.8,2
108.3,916.9,94.8,2.5
96.8,918,92.4,2.7
115.2,917.6,84.6,2.8
108.6,916.6,79.8,3
100.4,918,72.9,3.6
93.7,915.5,70.1,3.9
83.8,915.6,63.3,4.6
92.6,916.3,62.3,4.9
101.3,915.5,61.2,5.2
107.2,914.9,63.1,4.9
102.6,914.6,64.9,4.9
91.2,915.2,60.9,5
107.1,916.1,57.2,5.2
89.9,914.5,53.1,5.3
96.1,914.8,54.6,5.5
99.2,915.5,50.6,5.6
100.3,915,54.1,5.5
102.5,915.3,55.7,5.5
96.9,915.7,55.6,5.7
98.7,914.5,58.1,5.4
94.7,914.8,57.9,5.2
97.7,914.8,58.4,5.1
104.5,915,59,5
103.1,915.3,58.2,4.9
100,915.9,61.5,4.7
94.7,912.4,63.2,4.4
97.3,905.4,63.3,4.1
101,901.4,65.6,3.8
98.4,896,66.6,3.3
88.7,891.8,68.4,2.8
88.6,890.2,69.7,2.4
90.9,889.6,71.4,2.1
101.8,889.2,73.1,2
99.1,888.8,76,1.8
95.6,888.6,79.2,1.7
82.1,888.3,82.1,1.2
88.9,888,83.5,1.1
94,887.8,85.1,1
87.7,887.6,84.6,1
99.1,887.5,83.8,1.1
95.8,887.2,84,1
100,887.1,84.3,1
97.5,886.9,85,0.8
97.9,886.8,85.4,0.8
98.4,886.7,85.1,0.9
97.9,886.5,86.5,0.6
98.3,886.4,88.4,0.4
95.8,886.3,90.7,0.5
95.5,886.1,93.3,0.2
84.7,886,96.6,0.1
92,885.9,99.3,0.1
90.8,885.8,99.3,0.1
92.5,885.6,99.3,0
92.7,885.5,99.3,0
94.5,885.4,99.3,-0.1
91.4,885.3,99.3,-0.2
91,885.2,99.3,-0.1
89.9,885.1,99.3,-0.2
90.4,885,99.3,-0.3
90.9,884.8,99.3,-0.2
84.9,884.6,99.3,-0.2
86.8,884.6,99.3,-0.1
88.1,884.4,99.3,0
83.5,884.4,99.3,0.1
86.6,884.2,99.3,0.1
84.6,884.1,99.3,0
82.4,883.9,99.3,0
90.2,883.7,99.3,0
89.5,883.7,99.3,0
95.4,883.4,99.3,0
88.2,883.3,99.3,0
86.6,883.1,99.3,-0.1
87,883,99.3,-0.1
82.9,882.8,99.3,-0.1
88,882.6,99.3,-0.1
86.3,882.4,99.3,-0.1
85,882.3,99.3,-0.1
83.8,882.1,99.3,-0.1
81.9,882,99.3,-0.1
91.8,881.9,99.3,-0.1
86.7,881.8,99.3,-0.2
90.2,881.7,99.3,-0.3
83.5,881.6,99.3,-0.3
83.5,881.5,99.3,-0.3
85.4,881.5,99.3,-0.3
87.9,881.4,99.3,-0.3
85.7,881.4,99.3,-0.2
87.8,881.4,99.3,-0.3
86.7,881.4,99.3,-0.3
90.4,881.4,99.3,-0.3
93,881.4,99.3,-0.5
90.6,881.3,99.3,-0.6
94.1,881.5,99.3,-1.1
99.8,881.5,99.3,-1.4
93.1,881.5,99.3,-1.5
93.9,881.5,99.3,-1.7
89.4,881.7,99.3,-1.4
86.5,882,99.3,-1.3
92.9,882.4,99.3,-1.1
89.8,883.4,99.3,-1.1
87.6,883.7,99.3,-1
88.6,884.7,99.3,-0.8
96.5,887.4,95.8,-0.6
90.5,891.3,90.8,-0.6
90.8,897.3,88.9,-0.4
92.8,898.8,86.7,-0.3
90.6,897.6,85,-0.3
87.7,896.8,82.3,-0.4
85.1,899.5,80.7,-0.3
90.1,900.9,80.4,-0.2
88.6,900.4,80.1,-0.2
85.2,899.7,79.4,-0.1
89.5,899,78.4,-0.1
87.2,897.1,77.7,-0.1
86.9,896.1,77.4,-0.1
86.2,894.4,76.2,-0.1
75.6,892.4,75.1,-0.1
84.7,891,74.4,-0.1
89.9,889.4,74.7,-0.2
81.4,888,75.4,-0.2
89.5,886.6,75.8,-0.3
92.2,885.2,76.7,-0.3
91.1,884.1,77.8,-0.4
88.5,883.1,79.4,-0.5
91.5,882.4,81.7,-0.5
89,881.9,82.2,-0.6
88.7,881.5,83.4,-0.7
94.6,881.3,83.8,-0.7
90.5,881.1,83.7,-0.8
86.3,881,82.4,-0.8
89.4,880.9,79.8,-0.9
90.6,880.9,75.4,-0.9
85.8,880.8,74,-1
94.4,880.7,73,-1
85.4,880.8,71.8,-1.1
93.3,880.8,71.1,-1.1
88,880.8,69.5,-1.1
89.4,880.7,64.4,-1.1
88.2,880.7,60.6,-1.2
92.9,880.7,58.1,-1.2
90.3,880.6,56.4,-1.2
91.5,880.7,56.2,-1.3
88,880.6,55.3,-1.4
92.2,880.5,54.9,-1.5
87.3,880.6,54.4,-1.6
88.2,880.6,53.9,-1.7
91.2,880.5,54.2,-1.7
90.4,880.6,54.1,-1.8
91.1,880.5,53.5,-1.8
93.6,880.4,54.3,-1.9
88.8,880.4,54.3,-1.9
96.4,880.4,54.5,-2
92.6,880.4,55.1,-2
89.7,880.4,55.5,-2.1
87.9,880.4,56.1,-2.2
88.7,880.4,56.8,-2.3
87,880.3,57.2,-2.3
79,880.3,58.1,-2.4
87.1,880.3,58.3,-2.4
92.7,880.3,58.7,-2.5
88.2,880.3,59.2,-2.6
97.6,880.3,59.9,-2.6
101,880.2,60.9,-2.7
82.7,880.2,61.7,-2.8
93.7,880.2,61.6,-2.9
108.5,880.2,62.4,-3
100.1,880.1,62.2,-3
103.1,880.1,61.9,-3
102.6,880.1,61.5,-3
97.2,880.1,61.7,-3
91.2,880.1,62.2,-3.1
95.6,880,62.5,-3.1
102.5,880,63.4,-3.2
109,880,65.1,-3.2
106,880,69.5,-3.5
99.7,880,74.6,-3.7
96.5,880,77.7,-3.8
99.1,880,84.6,-4.1
96.9,879.9,90.4,-4.4
87.8,879.9,95.4,-4.6
90.8,879.9,97.3,-4.6
86.2,880,99.3,-4.6
95.3,880,99.3,-4.6
93,880.3,99.3,-4.6
88.8,880.3,99.3,-4.5
93.7,880.7,99.3,-4.6
93.3,881.2,99.3,-4.6
102.5,881.5,99.3,-4.8
96.4,881.9,99.3,-4.8
95.2,882.5,99.4,-4.7
94.6,883.8,99.4,-4.7
96.7,885.2,99.3,-4.7
99.2,885.6,99.3,-4.5
96.5,887,99.4,-4.6
97.9,887.3,99.3,-4.5
102.8,888.7,99.3,-4.4
102,891,99.4,-4.4
93.3,891.6,99.4,-4.4
97.9,901,99.4,-4.2
92.5,907.8,99.4,-4.1
98.8,905.2,99.4,-4.2
92.1,903.4,99.3,-4.2
94.9,908.5,99.3,-3.8
104.1,906.2,99.3,-3.8
95,905.9,99.3,-3.6
86.1,905.7,99.3,-3.5
99.9,902.6,99.3,-3.4
106.3,899.6,99.3,-3.3
114.5,897.2,99.3,-3.2
120.8,895.5,99.3,-3.2
128.7,895.6,99.3,-3.1
126.5,895.5,99.3,-3
110.9,895.2,99.3,-2.8
122.5,895.4,99.3,-3
134.4,895.4,99.3,-2.8
208.2,894.5,99.3,-2.8
215.6,893.3,99.3,-2.7
216.5,891.9,99.3,-2.8
216.7,890.7,99.3,-2.9
216.6,889.4,99.3,-3
216.9,888.2,99.3,-3.2
217.1,887.4,99.3,-3.4
244.8,886.8,99.3,-3.5
284.1,886.3,99.3,-3.7
293.2,885.8,99.3,-3.5
296.8,885.4,99.3,-3.5
300.5,884.9,99.3,-3.5
303.3,884.5,99.3,-3.4
300.9,884.1,99.3,-3.4
302.4,883.7,99.3,-3.4
299.2,883.3,99.3,-3.4
300.1,882.8,99.3,-3.4
296.1,882.4,99.3,-3.4
293.4,882.1,99.3,-3.3
292.9,881.7,99.3,-3.3
291.4,881.3,99.3,-3.3
291.9,881.1,99.3,-3.3
284.6,880.8,99.3,-3.3
291.7,880.6,99.3,-3.3
295.9,880.3,99.3,-3.3
291.3,880.1,99.3,-3.3
288.5,880,99.3,-3.3
292.8,880,99.3,-3.3
293.5,879.9,99.3,-3.2
290.7,879.8,99.3,-3.2
295.8,879.7,99.3,-3.2
296,879.7,99.3,-3.2
299,879.7,99.3,-3.1
293.5,879.7,99.3,-3.1
295.7,879.6,99.3,-3
294.9,879.6,99.3,-2.9
293,879.6,99.3,-2.7
292,879.6,99.3,-2.6
295.5,879.6,99.3,-2.5
295.3,879.6,99.3,-2.5
292.1,879.6,99.3,-2.5
290.4,879.6,99.3,-2.4
291.3,879.6,99.3,-2.4
291.6,879.6,99.3,-2.4
300.6,879.6,99.3,-2.4
298.8,879.6,99.3,-2.3
295.9,879.6,99.3,-2.3
299.6,879.6,99.3,-2.3
303.3,879.6,99.3,-2.4
303.6,879.6,99.3,-2.4
301.8,879.6,99.3,-2.5
297.6,879.6,99.3,-2.6
299.8,879.6,99.3,-2.6
295.4,879.5,99.3,-2.7
297.1,879.5,99.3,-2.8
299.4,879.5,99.3,-3
304.9,879.5,99.3,-3.1
306.7,879.5,99.3,-3.1
298.4,879.5,99.3,-3.1
298.7,879.5,99.3,-3.1
301.3,880,99.3,-3.1
296.2,881.2,99.3,-3.1
298.1,884.8,99.3,-3
291.6,890.3,99.3,-3
295.5,894.6,99.3,-3
298.4,900.5,99.3,-3
299.3,901.8,99.3,-3.1
292.8,911.7,99.3,-3.1
298.3,918.3,99.3,-3.1
291,914.8,99.3,-3
289.3,920.2,99.3,-2.9
293.8,916.2,99.3,-3.1
297.7,919.7,99.3,-3.4
293.5,914,99.3,-3.3
291.6,925.6,99.3,-3.3
296.2,917.2,99.3,-3.4
292.3,916.5,99.3,-3.3
286.7,912.7,99.3,-3.4
291.8,923,99.3,-3.4
297.8,925.3,99.3,-3.2
292.2,924.7,99.3,-3.5
293.3,923.6,99.3,-3.5
292.9,931.3,99.3,-3.5
295,927.7,99.3,-3.4
297.3,932.7,99.3,-3.5
290.2,913.4,99.3,-3.5
295.5,914.2,99.3,-3.6
298.3,918.5,99.3,-3.6
289.3,929.8,99.3,-3.4
294.8,917.7,99.3,-3.3
289.8,907.1,99.3,-3.6
296.2,900.8,99.3,-3.6
297.3,901.4,99.3,-3.5
288.4,936,99.3,-3.3
291.4,919.6,99.3,-3
288,908.3,99.3,-3
292.3,914.9,99.3,-2.9
286.2,905.6,99.3,-3.3
283.8,902.9,99.3,-3.3
292.4,904,99.3,-3.1
287.9,898.9,99.3,-3
287.6,894.5,99.3,-3.1
290.4,892.1,99.3,-3.3
289.5,891,99.3,-3.2
289.6,890.4,98.8,-3.1
290.1,890,99.3,-3.4
291.7,889.7,99.3,-3.4
295.1,889.4,99.4,-3.4
297.7,889.2,99.4,-3.4
287,888.9,99.4,-3.5
296.2,888.8,99.4,-4.1
295.4,888.5,99.4,-3.6
295.5,888.2,99.4,-3.7
293.6,888.1,99.4,-3.9
289.6,887.9,99.4,-3.7
294.7,887.8,99.4,-3.7
299,887.7,99.4,-3.7
297.7,887.5,99.4,-3.7
297.3,887.4,99.4,-3.9
300.3,887.2,99.4,-3.9
296.2,887.1,99.4,-4
296.4,887,99.4,-3.8
300.6,886.9,96.5,-3.6
298.3,886.7,94.1,-3.7
302.4,886.7,85,-3.5
302.1,886.6,79.1,-3.5
308.3,886.5,81.8,-3.9
302,886.4,73.5,-3.9
306.1,886.3,72.2,-4.2
313.1,886.2,70.6,-4.2
307.9,886,67.1,-4.3
303.2,886,65.9,-4.6
315.8,885.8,63,-4.6
309.8,885.8,60.1,-4.6
301,885.6,55.6,-4.4
304.9,885.6,55.6,-4.7
300.7,885.5,53.6,-4.6
301.5,885.4,52.6,-4.7
297.4,885.3,52.5,-4.8
294.9,885.2,52.7,-5
293.9,885.1,53,-5.2
299.1,885,53.6,-5.5
298.9,885,53.8,-5.6
303.6,884.8,54.8,-5.9
300.5,884.7,54.6,-6
296.3,884.6,53.6,-6
290,884.5,52.4,-5.9
293.1,884.4,51.5,-5.8
288.7,884.4,52.8,-6
290.1,884.3,54.3,-6.5
290.9,884.1,55.2,-6.8
289.3,884.1,53.9,-6.7
290.9,884,54.3,-6.8
288.9,883.9,53.1,-6.6
292.9,883.8,52.2,-6.7
290.6,884.1,53.6,-6.8
293,887.1,54.9,-7
290.1,893.7,55.1,-7
292.7,903.9,55.7,-7.1
296.9,925.2,53.8,-7
299,935,53,-6.9
295.3,923.3,52.2,-6.6
290.2,924.5,52.6,-6.2
296.6,924.3,51.1,-6
293.7,924.6,50,-5.7
293,922.8,48.3,-5.5
294.1,923.1,47.7,-5.6
294,923.6,48.5,-5.4
287.8,921.8,48.5,-5.1
291.7,922.2,45.3,-4.8
293.3,922.4,49.5,-4.5
277.4,922,50.3,-4.5
287.5,921.7,48.4,-3.9
292.8,921.5,46.5,-3.7
286.6,921.1,43.5,-4.1
285.7,920.5,45,-3.8
288.2,922.7,46,-3.3
284,921,45.7,-3.1
297.6,923.6,47,-2.9
293.2,920.5,47.1,-2.5
292.3,921.2,45.7,-2.5
283.6,919.9,43.5,-2.1
287.8,922,42.3,-2.3
286.1,920.8,41.6,-1.9
285.5,919.3,40.9,-1.9
290.8,918.9,39.4,-1.6
284.4,920.6,40.2,-1.2
288.6,920.6,37.9,-1.4
294.4,919.9,40.3,-0.8
290.6,919.6,37.5,-1
287.3,919.8,37.8,-1
286.7,918.7,40.5,-0.6
302.3,919.2,40.4,-0.8
297.3,918.6,42.6,-0.4
292.7,918.9,43,-0.6
291.9,918,40.9,-0.8
293.4,919.4,38.5,-1.2
297.4,919,38.3,-1.5
298.4,902,39.8,-1.8
297.9,895.3,40.6,-1.9
298.6,892,40.9,-2
295,890.9,41,-2
294,890.3,41.1,-2
296.9,889.9,41.2,-1.9
294.9,889.5,41.1,-1.8
296.2,889.2,40.9,-1.8
291.9,889,40.3,-1.6
296.9,888.8,39.8,-1.7
297.2,888.5,40.1,-1.8
296.6,888.4,38.7,-1.8
301.5,888.2,38.4,-2
296.7,888,39.5,-2.1
296.3,887.8,39.7,-2.3
297,887.7,40,-2.5
304.2,887.4,36.6,-2.3
298.6,887.3,35.3,-2.2
297.6,887.1,34.5,-2.1
302.8,887,36.1,-2.6
300.4,886.9,36.7,-2.7
305.3,886.7,37.2,-3
305.1,886.6,35.8,-2.8
303.1,886.5,35.7,-2.8
295,886.3,36.3,-2.9
292.1,886.2,36.5,-3
295.5,886.1,35.3,-2.9
294.7,886,36,-3.2
292.9,885.9,35.1,-3.2
290.5,885.7,35.7,-3.3
290.8,885.6,36.4,-3.5
292.5,885.5,35.4,-3.3
286.9,885.5,37.8,-3.5
290.3,885.3,38.1,-3.7
298.2,885.2,38.8,-3.9
297.8,885.1,40.6,-4.5
285.1,884.9,43.4,-4.5
292.2,884.8,47.4,-4.8
286.6,884.7,48.3,-4.8
289.6,884.5,47.4,-4.5
288,884.4,47.2,-4.6
282.3,884.4,48.1,-4.8
279.3,884.3,48,-5
280,884.1,47.6,-5
282.8,884.1,47.3,-4.9
284.3,883.9,47.4,-5.1
281.4,883.8,45.5,-4.8
280.7,883.8,44.9,-4.8
275,883.7,46.3,-5
277.4,883.6,46.7,-5
273.7,883.5,47.1,-5
280.9,883.4,45.2,-4.6
289.8,883.3,43.2,-4.3
292.5,883.7,42,-4.1
294.4,886.5,42.4,-4.2
292.7,892.7,43,-4.3
290,903.1,44,-4.5
295.2,917.5,44,-4.4
294,936.7,44.3,-4.1
286.2,936.2,43.9,-3.7
283.7,921.7,43.4,-3.2
297.6,922.5,41.9,-2.9
290.7,922,41.3,-2.9
293,921.5,42.3,-2.7
294,920.8,40,-2.6
288.6,920.9,40.6,-2.2
295,920.6,41.8,-2
289.6,920.6,39.1,-1.9
288.4,919.1,40.5,-1.7
292.5,920.6,38.8,-0.8
286.9,918.7,38.6,-0.9
280.1,917.9,38.8,-0.8
291,918.7,37.2,-0.7
282.6,918.3,37.1,-0.4
297.9,919,36,0
297.2,918.9,36.8,-0.2
287.6,918.7,39.4,0.1
282.6,918.8,39.1,-0.2
297.1,918.8,38.9,0.2
283.4,919.2,37.6,0.2
288.2,918.5,36.5,0.7
286.2,918.9,34.3,1.1
295.4,918.9,34.4,1.5
290.8,917.3,34.1,1.8
290.8,917.8,32,1.7
285.6,917.8,31.4,2.1
284.6,916.6,30.5,1.9
288.1,918.1,30.6,1.7
292.9,917.8,31,1.9
292.7,916.6,30.6,2
289,917,29.9,2
289.7,916.9,29.7,2
288.6,916.8,30,1.9
290.4,916.6,30.3,1.7
301.5,917.6,31.8,1.4
291.9,908.4,31.4,1.1
294.8,899.9,32,0.8
298.9,894,32.7,0.5
299.5,891.4,33.1,0.4
297.6,890.5,33.9,0.4
293,889.9,35.4,0.4
297.7,889.6,38.5,0.1
294.5,889.3,39,0.2
295.2,889,40.6,0.1
293.2,888.7,41.9,0
294.6,888.6,42.6,-0.1
295.1,888.3,42.5,-0.1
300.1,888.1,45.5,-0.9
298.2,888,44.7,-0.7
296.6,887.8,43.4,-0.6
294,887.6,43.3,-0.7
297.2,887.6,42.9,-0.6
292.3,887.3,43,-0.5
292,887.2,44.7,-0.7
291.4,887.1,44.7,-0.7
293.2,887,44.3,-0.7
291.5,886.8,43.7,-0.7
293.2,886.7,42.9,-0.5
293.2,886.6,43.8,-0.7
291.5,886.5,42.8,-0.6
292,886.4,43,-0.7
288.4,886.2,42.4,-0.6
290.9,886.1,43.4,-0.9
293.3,886,44.3,-1.2
290.7,885.9,43.4,-1
295.5,885.8,41.8,-0.6
296.7,885.6,43.2,-1
298,885.5,42.7,-0.9
296.8,885.5,42.7,-0.8
295.7,885.4,42.3,-0.7
297.2,885.2,42.7,-0.8
306.5,885.1,44.6,-1.2
302.1,885,45.6,-1.4
296.6,884.9,47,-1.7
298.6,884.8,46.2,-1.3
302.5,884.7,48.3,-1.8
301.8,884.5,47.9,-1.7
300,884.4,46.9,-1.5
300.1,884.4,47.7,-1.6
299.8,884.3,47,-1.5
297.6,884.2,46,-1.3
293.5,884.1,45.1,-1.1
291.5,884,44.3,-0.9
286.2,884,44,-0.8
280.6,883.9,44,-0.9
285.1,883.8,42.8,-0.5
287.3,883.8,44.1,-0.9
289.9,883.8,45.8,-1.4
290,883.7,45.5,-1.3
291.6,883.9,46.8,-1.7
287.5,885.5,46.5,-1.6
288.2,890.7,46,-1.4
289.3,898.9,45.4,-1.3
293.6,907.8,44.8,-1
293.5,922.2,45.1,-1
292.5,934.6,45.1,-0.7
290.5,933.9,43.8,-0.1
282.9,919.7,43.8,0.4
281.2,919.4,43.1,0.7
288.1,918.5,42.7,1.1
293.2,918.5,41.4,1.7
291.2,918.7,41,1.9
295.5,917.7,40,2.1
289.7,916.5,38.5,2.4
286.5,916.2,37.6,2.7
291.3,916.7,35.8,3
294.6,917.4,36.2,3.4
286,916.8,36.3,3.4
288.1,916.8,36.1,4.5
292,917,35.1,4.4
291.9,916.5,34.6,4.2
285.2,916.4,35.2,4.6
283.3,915.6,35.8,4.6
289.9,915.9,35.4,4.3
283.6,917,34.7,5.3
279.3,914.4,33.5,5.1
280.6,915.5,34.7,5.3
283.5,915.9,34,5.7
289.6,916.2,32,5.5
282,917.7,31.9,6.1
289,914.2,30.2,6.2
279.6,915.5,30.9,6.2
291.3,915,30.3,6.2
286.5,915,30.8,6.3
285.3,914.3,30.9,6.5
283,915.3,30.8,6.1
282.8,915.4,31.3,5.9
287.2,914.7,31.4,6.2
295.6,915.1,32.2,5.7
290.9,915.1,32.5,5.7
289.8,914.7,32.8,5.4
292.8,914.2,34.1,4.9
300.3,902.8,35.2,4.3
304.4,896.4,35.4,4.2
298.7,892.3,35.4,4.1
309.5,890.8,36.4,3.9
309.2,890.2,35,4.5
306.1,889.9,35.4,4.4
309.8,889.5,35.6,4.2
310.7,889.3,35.4,4.2
307.3,889,35,4.3
296,888.8,35.7,4
304.7,888.6,34.5,4.5
301.4,888.4,34.5,4.4
302.6,888.3,34.1,4.5
304.8,888,34.4,4.4
297.9,888,34.7,4.3
297.5,887.8,34.9,4.2
292.3,887.7,34.7,4.2
302.6,887.5,34.5,4.3
297.8,887.4,34.3,4.4
289.2,887.2,34.9,4.3
292.1,887.1,34.4,4.5
302,887,33.6,4.6
311.3,886.9,32.8,4.8
314.1,886.8,34.5,4.4
298.6,886.7,34.7,4.3
265.9,886.6,32.8,4.2
256.5,886.4,32.7,4.5
304.2,886.3,29.8,4.9
325.6,886.1,30.6,4.6
321.6,886.1,32.7,3.3
321.9,885.9,30,4.7
321.7,885.8,31.6,4
342.9,885.6,29,4.8
99.7,885.5,29.8,4.9
99.7,885.4,30.5,4.9
115.3,885.3,30.8,4.9
157.7,885.2,30.9,4.9
146.6,885.1,31.1,4.7
143.4,885,31.3,4.6
115.9,884.9,30.8,4.4
90.8,884.8,30.5,4.3
84.2,884.6,30.8,4.3
91.2,884.6,31.1,4.2
82.9,884.5,31.5,4
83.3,884.3,31.7,3.8
82.5,884.3,33.2,3.1
86.5,884.2,33.4,3.2
79.5,884.1,34.5,2.8
72.3,884.1,36.3,2.6
86,883.9,35.1,2.6
79.9,883.9,35.6,2.6
74.9,883.8,36,2.7
66.5,883.7,35.8,2.6
53.4,883.9,36.7,2.3
61.2,885.1,36,2.5
60.5,888.2,36.3,2.9
51,894.7,36.3,3.1
52.8,904.4,35.8,3.7
38.2,914.8,36.1,4.3
39,930.5,35.1,4.9
347.9,929.5,34.2,4.1
343.7,916.8,32.7,4.6
335.6,915.7,32.4,4.2
333.2,915.5,32,4.5
329.4,915.9,34.8,5
323.2,914.7,33.4,6.3
304.1,913.6,32,5.1
310.3,914.5,32.2,5.4
302.1,915.2,33.4,5.7
321.8,914.8,33.2,6
314.2,914.3,34.3,6.1
317.4,915.7,34.9,6.2
306.4,914.4,35.1,6.9
307.9,914.3,37.1,7.3
300,914.5,38.5,7.4
291.7,914.1,37.9,7.9
298.5,912.8,37.7,8.3
290.1,913.6,37.4,8.8
296.6,912.8,35.5,9.4
295.3,912.3,35.5,9.7
293.5,912.8,35,9.6
297.3,912.3,35.3,9.9
294.3,913.9,34.8,10.4
301.9,912.3,35.3,9.9
296.8,910.9,34.6,10.5
290.4,911.9,35.8,10.7
297.2,911.3,35.5,10.9
292.5,910.7,35.4,11.1
287.4,911.1,35.8,10.8
278.9,910.6,35.5,11.1
296.2,911.6,35.8,10.8
279.7,911.6,35.7,11.1
279,911.8,36.6,10.7
278.2,911.7,37,10.4
282.5,911.2,37.6,10.1
293,911.6,38.2,9.7
304.5,904.3,39.2,9
306.2,897.7,38.9,9
300.8,892.9,38.8,8.8
312.1,890.8,38.7,8.7
307.7,890.1,38.6,8.7
317.7,889.7,38.4,9
314.5,889.4,38.5,9
77.1,889.1,41.4,7.7
82.6,888.9,42.2,7.7
73.1,888.7,44.1,7.5
72.7,888.5,45.5,7
82.9,888.4,45.4,7
86.2,888.2,45.6,7
80,888,45.2,7.1
79.9,887.9,45.3,7
89,887.7,45.6,6.8
83.7,887.6,46.2,6.7
80.2,887.4,45.6,6.6
82.8,887.3,46.1,6.5
86.3,887.2,46.9,6.2
90.9,887.1,48.5,5.9
91.5,886.9,49.5,5.7
93.5,886.8,51.5,5.4
86.8,886.7,53.5,5.2
92.4,886.5,58.6,5.3
97.1,886.4,58.5,5.3
88.5,886.4,59.1,5.1
89.4,886.2,59.7,5.1
93.7,886.1,58,5.3
83,885.9,56.2,5.3
92.9,885.9,56.2,5.3
92.9,885.7,54.6,5.3
91.6,885.6,53.3,5.2
86.3,885.5,52.1,5.1
90.3,885.3,51,5.2
95.7,885.3,50.7,5.1
82.3,885.1,51.3,5
86.6,885,51.2,5
84,884.8,51.7,4.9
86.4,884.8,52.6,4.8
89.6,884.6,52.8,4.7
83.5,884.5,52.8,4.6
104.4,884.4,53.3,4.6
95,884.3,53.6,4.5
95.6,884.2,53.6,4.4
84.2,884.2,54.3,4.4
90.8,884.1,55.9,4.4
93.4,884,57.2,4.3
91.1,883.9,59,4.4
95,883.9,59.5,4.3
83.9,883.8,59.1,4.3
86.7,883.7,58.8,4.2
86.6,883.6,58.1,4.2
74.8,883.9,56,4.2
79.2,885,60.5,4
82.6,887.5,59.3,4
84.7,892.8,59.1,4
83.6,901.6,60.3,4.2
70.6,911.8,53,5.1
75.8,929,49.9,5.4
85.1,929.8,51.7,5.3
74.2,923.8,50.5,5.4
92.3,915.8,51,5.4
114.1,914.3,51.9,5.7
103.2,916.3,53.9,5.6
91.5,914.5,54.6,6
99.5,915.8,54.3,6.6
107.6,914.2,54.1,6.6
107.1,914.9,52.6,7.4
104.5,914.5,51,7.7
114.7,913,50.9,8
115.7,913.6,50.3,8.6
103.4,912.1,49,9.1
92.3,912,49.7,8.7
96.1,912.2,48.5,9.5
93.2,912.2,47.8,10.1
96.7,912.8,47.2,10.1
115.1,911.7,43.7,11.3
101,910.8,43.7,10.6
101,911.7,43.6,11.1
105.5,911.6,43.5,11
93.5,911.8,44,11
91.7,911.2,44.3,11.3
91.2,910.8,44.9,10.6
89,910.8,44.6,10.4
90.3,913.9,43.8,10.7
108.5,912.8,43.1,10.6
99,911.2,43.4,10.5
107.4,911.4,43.3,10.3
100.9,911.8,43.9,10.3
105.5,911.2,44.7,9.9
103.5,905.8,46.1,9.3
100.7,904.8,47.5,9.2
91.6,899.7,48.9,9
95.5,896.1,49.5,8.7
95.8,893.5,50.7,8.6
95.7,890.9,51.1,8.4
98.1,890,51.7,8.2
101,889.5,52.5,7.9
97.9,889.2,53.4,7.7
102,889,54.6,7.4
96.6,888.7,55.7,7.2
99.3,888.5,57.2,6.9
97.7,888.4,58.4,6.8
95.2,888.2,59.2,6.7
86.8,888,60.4,6.4
90.6,887.8,60.5,6.3
92.1,887.7,61.1,6.1
93.5,887.6,62,6.1
89.7,887.4,63.2,6
85.5,887.3,64.2,6
81.7,887.2,65.4,5.9
85.7,887,66.8,5.8
82.7,886.9,68.3,5.7
82.7,886.8,69.8,5.6
78.2,886.7,70.9,5.6
81.9,886.5,72.3,5.5
85.1,886.4,73.1,5.4
90.5,886.3,73.7,5.3
88.9,886.1,74.4,5.3
68.8,886,74.6,5.2
81.7,885.9,73.7,5.4
86.9,885.8,73.9,5.3
86.4,885.6,74.3,5.1
85.2,885.4,74.5,5
87.6,885.3,75.2,4.8
86.7,885.2,75.1,4.7
87.5,885,75.1,4.7
83.9,884.9,75.1,4.6
85.5,884.8,73.6,4.7
89.8,884.6,73.5,4.6
99.4,884.5,73,4.6
102.7,884.4,71.4,4.6
89.1,884.2,72.6,4.4
106.2,884.2,72.4,4.3
95.1,884.1,71.9,4.3
90.3,883.9,71.3,4.2
93.3,883.9,70.4,4.2
80.2,883.8,69.4,4.2
88.9,883.7,67.4,4.3
78.4,883.7,68.1,4.2
89.9,883.7,68,4.1
76.4,883.6,68.7,3.9
72.4,883.6,67.4,4.1
79,883.5,68.5,3.9
96.8,883.4,70,3.6
104.2,883.4,68.9,3.9
84.2,883.4,69.2,3.9
88.4,883.3,69.4,3.9
83.3,883.3,69.9,3.8
132.4,883.3,70.5,3.7
107,883.5,70.3,3.7
109.7,884.4,70.5,3.7
120.3,885.9,69.8,3.8
103.1,888.3,69.9,3.8
102.5,891.8,69.9,3.9
101.1,897.2,69.4,4.1
99.7,903.8,69.5,4.2
110,920,67.9,4.7
104.5,930.4,66.9,5
112.3,930,66.1,5.3
105.7,914.4,65.5,5.6
89.6,913.8,66.4,5.5
90,914.8,65,6.1
96.4,914.8,65.6,6.2
102,915.3,65.5,6.7
103.4,915.3,65.7,6.8
101.2,914.7,66,6.9
81.3,914.3,66,6.8
83.8,914.5,65.8,7
90.9,914.5,65.8,7
74.3,914.6,65.1,7.3
88.1,914.1,64.8,7.6
88.5,914.3,64.8,7.5
101.4,913.8,63.8,7.8
94.7,913.3,64.7,7.7
103.3,912.7,63.1,8.3
111.4,912.2,62.6,8.5
100.4,912.8,62.7,8.4
99.5,912.3,61.5,8.9
95.8,911.9,60.8,9.2
108.4,911.8,60.1,9.5
100.6,912.4,60.1,9.5
113.5,913.4,59.6,9.5
103.4,912.6,59.6,9.5
105.9,912.3,59.6,9.5
109.8,912.1,60.3,9.4
96.7,912.3,60.7,9.2
93.7,912.1,61.7,8.9
88,912.2,62.8,8.5
89.7,904.3,63.9,8.2
87.1,899.4,65.2,7.9
88.1,894.4,65.9,7.6
89.3,891.1,66,7.6
96,890.1,65.6,7.7
97.8,889.5,65.8,7.7
103.9,889.3,66.1,7.6
105.5,889,65.8,7.5
100.1,888.8,65.5,7.3
97.2,888.5,65.9,7.1
101.1,888.4,66.6,6.9
93.5,888.2,67.7,6.6
92.7,888,68.2,6.5
100.2,887.8,68.4,6.5
101.1,887.7,68.9,6.4
97.3,887.5,70.1,6.1
101.1,887.5,70.7,6
96.6,887.3,70.5,6
91.2,887.2,70.6,5.9
91.3,887,71.1,5.9
90.8,886.9,71.1,5.9
90.3,886.8,70.9,5.9
90.4,886.7,72.1,5.9
94,886.5,73.8,5.8
94.8,886.4,71.3,5.8
91.8,886.3,70.5,5.7
98,886.2,69.3,5.6
84.5,886.1,70.8,5.3
80.2,885.9,72.1,5.4
77.2,885.9,73.1,5.6
77,885.7,70.7,5.6
80.6,885.6,72.4,5.4
82.7,885.5,72,5.4
87.9,885.3,72.2,5.3
79.5,885.2,73.6,5.2
73.8,885,71.1,5.3
75,884.9,70,5.3
78.6,884.7,71.4,5.2
77.5,884.6,68.7,5.3
75.9,884.4,67.8,5.3
85.3,884.2,67.6,5.3
81.9,884.1,68,5.3
73.2,883.9,68.1,5.2
77.6,883.8,68.3,5.2
89.5,883.7,68.7,5.1
88.3,883.6,70,4.9
83.5,883.4,70,4.9
98.4,883.4,70,4.7
82.5,883.3,70.9,4.5
79.9,883.1,70.7,4.5
91.4,883.1,70,4.6
88.4,883.1,71.3,4.4
87.5,883,71.5,4.4
76.4,883,71.6,4.3
81.8,883,72,4.2
85.9,883.3,72.2,4.3
82.6,884.6,73.7,4.1
89,887.3,74.1,4.1
91,893.3,73.4,4.3
91.5,902.9,73.7,4.3
83.6,911.6,71.9,4.9
86,925.2,71.7,5
86.3,930,70.6,5.2
87.9,929.6,69.1,5.8
87.6,915.6,69.8,5.7
95.6,915.5,69.2,5.9
85.4,916,68.3,6.2
84.5,913.7,66.3,6.8
90.6,913.1,63.6,7.3
78.4,913.2,62.7,8.1
81.9,911.9,60.3,8.9
98.2,913.3,61.4,9
83.6,912,60.6,9.1
123.7,912.9,59.5,9.6
112.8,910.6,56.9,10.7
106.1,911.3,56.8,10.6
103.8,910.5,57.4,10.8
96.1,911,56.5,11.1
85.5,912.4,54.3,11.8
73.5,911.1,54.5,11.8
67.2,911.1,54.2,12.1
61.7,910.8,53.3,12.3
62.1,910.3,53,12.6
46.6,910.4,52,13.2
64.4,910.8,51.6,13.4
74.3,908.9,51.4,13.5
